car_id,car_type,vehicle_type,age_years,model_year,model_month,age_string,first_date,last_date,collection_period,efficiency,efficiency_score,avg_temperature,temperature_score,cell_imbalance,cell_imbalance_score,driving_habit_score,charging_count,avg_charging_amount,charging_pattern_score,weighted_avg,age_penalty,final_score
M1190900294,Niro,소형,4.92,2021.0,1.0,2021.01,2021-11-15T18:51:38+00:00,2021-12-08T16:00:10+00:00,2021.11.15 ~ 2021.12.08,0.28,40.0,15.25,100.0,0.0084,94.84,100.0,61.0,13.9,87.7,77.09,5.4,71.69
M1200606135,Niro,소형,4.92,2021.0,1.0,2021.01,2021-11-15T19:37:35+00:00,2021-12-08T21:51:54+00:00,2021.11.15 ~ 2021.12.08,0.5,40.0,20.61,100.0,0.0163,71.53,90.0,248.0,35.8,100.0,73.59,5.4,68.19
M1200606138,Niro,소형,4.92,2021.0,1.0,2021.01,2021-11-15T19:39:07+00:00,2021-12-05T15:57:39+00:00,2021.11.15 ~ 2021.12.05,0.37,40.0,15.86,100.0,0.0081,95.09,90.0,62.0,21.6,86.29,75.23,5.4,69.83
M1200606139,Niro,소형,4.92,2021.0,1.0,2021.01,2021-11-15T18:50:21+00:00,2021-11-24T15:18:36+00:00,2021.11.15 ~ 2021.11.24,0.32,40.0,16.52,100.0,0.0082,95.04,88.68,38.0,17.4,89.47,75.53,5.4,70.13
M1200606141,Niro,소형,4.92,2021.0,1.0,2021.01,2021-10-12T14:37:47+00:00,2021-12-08T23:51:09+00:00,2021.10.12 ~ 2021.12.08,0.29,40.0,17.67,100.0,0.0074,95.93,90.0,191.0,18.0,85.08,75.17,5.4,69.77
M1200606142,Niro,소형,4.92,2021.0,1.0,2021.01,2021-10-12T14:01:16+00:00,2021-12-08T22:51:03+00:00,2021.10.12 ~ 2021.12.08,0.27,40.0,19.33,100.0,0.0083,94.93,90.0,184.0,13.9,84.24,74.86,5.4,69.46
M1200606144,Niro,소형,4.92,2021.0,1.0,2021.01,2021-11-15T19:24:42+00:00,2021-12-08T23:57:04+00:00,2021.11.15 ~ 2021.12.08,0.4,40.0,15.85,100.0,0.0163,71.56,90.0,837.0,24.8,63.02,67.43,5.4,62.03
M1200606145,Niro,소형,4.92,2021.0,1.0,2021.01,2021-11-15T19:11:35+00:00,2021-12-08T22:13:52+00:00,2021.11.15 ~ 2021.12.08,0.36,40.0,17.31,100.0,0.0092,93.68,90.0,158.0,20.2,94.3,76.33,5.4,70.93
M1200606146,Niro,소형,4.92,2021.0,1.0,2021.01,2021-11-15T18:51:13+00:00,2021-12-08T23:45:21+00:00,2021.11.15 ~ 2021.12.08,0.26,40.0,14.9,100.0,0.0087,94.37,90.0,10.0,13.2,75.0,73.23,5.4,67.83
M1200606150,Niro,소형,4.92,2021.0,1.0,2021.01,2021-11-15T18:59:15+00:00,2021-12-08T23:41:52+00:00,2021.11.15 ~ 2021.12.08,0.34,40.0,16.33,100.0,0.0086,94.51,90.0,83.0,12.2,80.12,74.11,5.4,68.71
M1200606151,Niro,소형,4.92,2021.0,1.0,2021.01,2021-11-15T19:15:26+00:00,2021-12-08T23:36:24+00:00,2021.11.15 ~ 2021.12.08,0.35,40.0,16.39,100.0,0.0089,94.15,90.0,84.0,13.1,83.33,74.58,5.4,69.18
M1200606152,Niro,소형,4.92,2021.0,1.0,2021.01,2021-11-15T18:51:43+00:00,2021-12-08T20:31:23+00:00,2021.11.15 ~ 2021.12.08,0.32,40.0,15.64,100.0,0.0083,94.9,90.0,142.0,17.2,76.06,73.49,5.4,68.09
M1200606153,Niro,소형,4.92,2021.0,1.0,2021.01,2021-11-15T18:50:52+00:00,2021-12-08T23:07:57+00:00,2021.11.15 ~ 2021.12.08,0.36,40.0,16.16,100.0,0.008,95.3,90.0,82.0,12.6,80.49,74.3,5.4,68.9
M1200606154,Niro,소형,4.92,2021.0,1.0,2021.01,2021-11-15T18:52:18+00:00,2021-12-08T23:25:56+00:00,2021.11.15 ~ 2021.12.08,0.36,40.0,17.31,100.0,0.0094,93.39,90.0,57.0,20.9,85.09,74.75,5.4,69.35
M1200606155,Niro,소형,4.92,2021.0,1.0,2021.01,2021-11-15T22:07:21+00:00,2021-12-08T23:14:10+00:00,2021.11.15 ~ 2021.12.08,0.31,40.0,17.13,100.0,0.0096,93.02,90.0,110.0,19.2,90.91,75.65,5.4,70.25
M1200606156,Niro,소형,4.92,2021.0,1.0,2021.01,2021-11-15T18:41:04+00:00,2021-12-08T23:48:43+00:00,2021.11.15 ~ 2021.12.08,0.34,40.0,16.09,100.0,0.0084,94.79,90.0,124.0,12.8,83.47,74.71,5.4,69.31
M1200606157,Niro,소형,4.92,2021.0,1.0,2021.01,2021-11-23T14:50:01+00:00,2021-12-08T22:59:00+00:00,2021.11.23 ~ 2021.12.08,0.33,40.0,14.96,100.0,0.0081,95.18,90.0,38.0,16.4,89.47,75.78,5.4,70.38
M1200606161,Niro,소형,4.92,2021.0,1.0,2021.01,2021-11-16T14:10:00+00:00,2021-12-08T11:23:40+00:00,2021.11.16 ~ 2021.12.08,3.33,40.49,13.15,100.0,0.0081,95.19,90.0,26.0,4.5,88.46,75.77,5.4,70.37
M1200606162,Niro,소형,4.92,2021.0,1.0,2021.01,2021-11-17T10:27:02+00:00,2021-12-03T16:58:09+00:00,2021.11.17 ~ 2021.12.03,3.43,41.73,15.59,100.0,0.0074,95.93,90.0,226.0,1.9,94.91,77.39,5.4,71.99
M1200606165,Niro,소형,4.92,2021.0,1.0,2021.01,2021-11-16T20:41:03+00:00,2021-12-02T17:19:46+00:00,2021.11.16 ~ 2021.12.02,1.82,40.0,11.57,100.0,0.0104,91.68,90.0,3.0,7.3,83.33,74.17,5.4,68.77
M1200606166,Niro,소형,4.92,2021.0,1.0,2021.01,2021-11-17T09:47:20+00:00,2021-12-08T17:21:15+00:00,2021.11.17 ~ 2021.12.08,1.31,40.0,10.56,100.0,0.0067,96.53,90.0,42.0,23.1,90.48,76.17,5.4,70.77
M1200606168,Niro,소형,4.92,2021.0,1.0,2021.01,2021-11-17T06:11:20+00:00,2021-12-08T23:06:28+00:00,2021.11.17 ~ 2021.12.08,1.25,40.0,11.16,100.0,0.0077,95.61,90.0,44.0,13.3,68.18,72.3,5.4,66.9
M1200606169,Niro,소형,4.92,2021.0,1.0,2021.01,2021-11-17T09:43:36+00:00,2021-12-08T22:00:50+00:00,2021.11.17 ~ 2021.12.08,3.1,40.0,16.11,100.0,0.0063,96.88,90.0,116.0,2.1,84.05,75.15,5.4,69.75
M1200606170,Niro,소형,4.92,2021.0,1.0,2021.01,2021-11-17T13:40:56+00:00,2021-12-07T15:39:45+00:00,2021.11.17 ~ 2021.12.07,2.4,40.0,11.59,100.0,0.0084,94.84,90.0,88.0,4.2,93.18,76.34,5.4,70.94
M1200606172,Niro,소형,4.92,2021.0,1.0,2021.01,2021-11-18T09:32:51+00:00,2021-12-08T10:30:17+00:00,2021.11.18 ~ 2021.12.08,2.19,40.0,8.5,100.0,0.0073,95.99,90.0,31.0,1.0,98.39,77.4,5.4,72.0
M1200606173,Niro,소형,4.92,2021.0,1.0,2021.01,2021-11-17T13:54:26+00:00,2021-12-08T18:46:11+00:00,2021.11.17 ~ 2021.12.08,2.91,40.0,15.26,100.0,0.038,40.0,90.0,378.0,35.9,92.33,67.05,5.4,61.65
M1200606174,Niro,소형,4.92,2021.0,1.0,2021.01,2021-11-15T21:01:32+00:00,2021-12-07T17:37:31+00:00,2021.11.15 ~ 2021.12.07,2.79,40.0,10.01,100.0,0.0073,96.01,90.0,38.0,4.0,69.74,72.62,5.4,67.22
M1200606175,Niro,소형,4.92,2021.0,1.0,2021.01,2021-11-17T13:59:08+00:00,2021-12-08T23:58:20+00:00,2021.11.17 ~ 2021.12.08,2.14,40.0,15.14,100.0,0.0062,96.95,90.0,15.0,17.7,86.67,75.6,5.4,70.2
M1200606176,Niro,소형,4.92,2021.0,1.0,2021.01,2021-11-17T13:15:48+00:00,2021-11-23T13:16:55+00:00,2021.11.17 ~ 2021.11.23,2.38,40.0,15.12,100.0,0.0056,97.36,100.0,8.0,7.1,81.25,76.44,5.4,71.04
M1200606177,Niro,소형,4.92,2021.0,1.0,2021.01,2021-11-18T14:03:56+00:00,2021-12-02T16:54:30+00:00,2021.11.18 ~ 2021.12.02,3.65,44.68,17.2,100.0,0.0093,93.56,90.0,124.0,0.5,88.71,76.94,5.4,71.54
M1200606178,Niro,소형,4.92,2021.0,1.0,2021.01,2021-11-17T13:20:07+00:00,2021-12-08T16:11:33+00:00,2021.11.17 ~ 2021.12.08,2.25,40.0,8.4,100.0,0.0097,92.85,90.0,168.0,1.8,100.0,77.14,5.4,71.74
M1200606179,Niro,소형,4.92,2021.0,1.0,2021.01,2021-11-17T09:46:28+00:00,2021-12-08T15:47:10+00:00,2021.11.17 ~ 2021.12.08,1.53,40.0,15.0,100.0,0.0075,95.77,90.0,148.0,4.0,100.0,77.63,5.4,72.23
M1200606180,Niro,소형,4.92,2021.0,1.0,2021.01,2021-11-17T09:46:59+00:00,2021-12-08T18:17:00+00:00,2021.11.17 ~ 2021.12.08,3.24,40.0,18.24,100.0,0.0212,42.29,90.0,1134.0,6.5,97.88,68.36,5.4,62.96
M1200606181,Niro,소형,4.92,2021.0,1.0,2021.01,2021-11-17T09:57:05+00:00,2021-12-08T16:33:16+00:00,2021.11.17 ~ 2021.12.08,3.86,47.45,18.54,100.0,0.0094,93.47,90.0,103.0,1.2,93.69,78.68,5.4,73.28
M1200606182,Niro,소형,4.92,2021.0,1.0,2021.01,2021-11-17T09:46:21+00:00,2021-12-08T13:35:38+00:00,2021.11.17 ~ 2021.12.08,2.25,40.0,9.29,100.0,0.0072,96.06,90.0,66.0,1.7,96.21,77.05,5.4,71.65
M1200606184,Niro,소형,4.92,2021.0,1.0,2021.01,2021-11-17T09:57:19+00:00,2021-12-08T15:36:36+00:00,2021.11.17 ~ 2021.12.08,2.15,40.0,8.33,100.0,0.0087,94.39,90.0,79.0,0.9,100.0,77.4,5.4,72.0
M1200606187,Niro,소형,4.92,2021.0,1.0,2021.01,2021-11-17T10:07:28+00:00,2021-12-08T18:30:44+00:00,2021.11.17 ~ 2021.12.08,3.31,40.18,15.08,100.0,0.0078,95.47,90.0,156.0,2.0,91.99,76.3,5.4,70.9
M1200606188,Niro,소형,4.92,2021.0,1.0,2021.01,2021-11-17T14:02:02+00:00,2021-11-17T17:57:50+00:00,2021.11.17 ~ 2021.11.17,3.82,47.02,17.05,100.0,0.0049,97.76,90.0,1.0,0.5,100.0,80.3,5.4,74.9
M1200606189,Niro,소형,4.92,2021.0,1.0,2021.01,2021-11-17T09:57:19+00:00,2021-12-08T18:25:01+00:00,2021.11.17 ~ 2021.12.08,2.03,40.0,12.42,100.0,0.0088,94.33,90.0,92.0,2.8,92.93,76.21,5.4,70.81
M1200606190,Niro,소형,4.92,2021.0,1.0,2021.01,2021-11-19T15:06:45+00:00,2021-12-03T16:54:45+00:00,2021.11.19 ~ 2021.12.03,2.09,40.0,3.23,100.0,0.009,93.95,90.0,,,80.0,73.99,5.4,68.59
M1200606191,Niro,소형,4.92,2021.0,1.0,2021.01,2021-11-17T14:25:22+00:00,2021-12-07T22:23:08+00:00,2021.11.17 ~ 2021.12.07,3.06,40.0,17.62,100.0,0.0157,74.7,90.0,550.0,5.1,93.0,72.95,5.4,67.55
M1200606193,Niro,소형,4.92,2021.0,1.0,2021.01,2021-11-17T09:46:17+00:00,2021-12-08T15:15:03+00:00,2021.11.17 ~ 2021.12.08,2.26,40.0,12.7,100.0,0.0062,96.94,90.0,100.0,1.7,90.5,76.24,5.4,70.84
M1200606194,Niro,소형,4.92,2021.0,1.0,2021.01,2021-11-17T09:46:06+00:00,2021-12-08T16:33:52+00:00,2021.11.17 ~ 2021.12.08,2.47,40.0,15.7,100.0,0.0077,95.62,90.0,153.0,1.4,90.85,76.08,5.4,70.68
M1200606195,Niro,소형,4.92,2021.0,1.0,2021.01,2021-11-17T09:43:42+00:00,2021-12-07T17:12:49+00:00,2021.11.17 ~ 2021.12.07,3.66,44.8,19.15,100.0,0.0088,94.32,90.0,382.0,1.0,99.21,78.86,5.4,73.46
M1200606196,Niro,소형,4.92,2021.0,1.0,2021.01,2021-12-02T14:07:03+00:00,2021-12-07T19:05:57+00:00,2021.12.02 ~ 2021.12.07,3.69,45.2,16.62,100.0,0.0076,95.64,90.0,72.0,1.1,94.44,78.42,5.4,73.02
M1200606197,Niro,소형,4.92,2021.0,1.0,2021.01,2021-11-11T04:00:24+00:00,2021-12-08T17:07:48+00:00,2021.11.11 ~ 2021.12.08,3.31,40.12,18.39,100.0,0.0049,97.78,90.0,9.0,3.7,83.33,75.23,5.4,69.83
M1200606199,Niro,소형,4.92,2021.0,1.0,2021.01,2021-11-17T10:44:20+00:00,2021-12-08T14:30:04+00:00,2021.11.17 ~ 2021.12.08,2.49,40.0,7.74,100.0,0.0108,90.91,90.0,60.0,0.5,92.5,75.57,5.4,70.17
M1200606200,Niro,소형,4.92,2021.0,1.0,2021.01,2021-11-17T14:13:13+00:00,2021-12-08T15:32:24+00:00,2021.11.17 ~ 2021.12.08,3.03,40.0,12.71,100.0,0.008,95.27,90.0,107.0,0.5,92.99,76.38,5.4,70.98
M1200606201,Niro,소형,4.92,2021.0,1.0,2021.01,2021-11-17T14:18:29+00:00,2021-12-08T18:19:29+00:00,2021.11.17 ~ 2021.12.08,2.29,40.0,9.58,100.0,0.0079,95.36,90.0,39.0,0.5,94.87,76.7,5.4,71.3
M1200606202,Niro,소형,4.92,2021.0,1.0,2021.01,2021-11-17T13:15:35+00:00,2021-11-17T13:15:35+00:00,2021.11.17 ~ 2021.11.17,,0.0,7.0,100.0,,99.33,80.0,,,80.0,59.89,5.4,54.49
M1200606203,Niro,소형,4.92,2021.0,1.0,2021.01,2021-11-18T09:36:53+00:00,2021-12-08T20:39:32+00:00,2021.11.18 ~ 2021.12.08,3.04,40.0,14.36,100.0,0.0083,94.89,90.0,145.0,1.3,96.21,76.85,5.4,71.45
M1200606204,Niro,소형,4.92,2021.0,1.0,2021.01,2021-11-18T10:01:50+00:00,2021-11-25T09:44:59+00:00,2021.11.18 ~ 2021.11.25,3.39,41.23,15.27,100.0,0.009,93.98,100.0,31.0,1.6,100.0,79.41,5.4,74.01
M1200606207,Niro,소형,4.92,2021.0,1.0,2021.01,2021-11-17T09:50:32+00:00,2021-12-08T15:45:36+00:00,2021.11.17 ~ 2021.12.08,1.22,40.0,15.92,100.0,0.0061,97.03,88.52,20.0,11.6,75.0,73.43,5.4,68.03
M1200606208,Niro,소형,4.92,2021.0,1.0,2021.01,2021-11-16T10:46:04+00:00,2021-12-08T18:01:03+00:00,2021.11.16 ~ 2021.12.08,1.32,40.0,17.14,100.0,0.0122,87.54,74.7,57.0,1.6,99.12,73.56,5.4,68.16
M1200606209,Niro,소형,4.92,2021.0,1.0,2021.01,2021-11-17T09:46:06+00:00,2021-11-24T05:17:32+00:00,2021.11.17 ~ 2021.11.24,1.29,40.0,6.53,100.0,0.0052,97.61,90.0,9.0,6.2,100.0,77.94,5.4,72.54
M1200606212,Niro,소형,4.92,2021.0,1.0,2021.01,2021-11-15T18:52:29+00:00,2021-11-27T19:37:46+00:00,2021.11.15 ~ 2021.11.27,0.29,40.0,16.79,100.0,0.0078,95.46,90.0,34.0,11.2,77.94,73.9,5.4,68.5
M1200606215,Niro,소형,4.92,2021.0,1.0,2021.01,2021-11-15T19:39:03+00:00,2021-12-08T22:57:08+00:00,2021.11.15 ~ 2021.12.08,0.33,40.0,15.86,100.0,0.0132,84.67,90.0,476.0,40.5,98.95,75.6,5.4,70.2
M1200606216,Niro,소형,4.92,2021.0,1.0,2021.01,2021-11-15T18:52:41+00:00,2021-12-08T23:36:47+00:00,2021.11.15 ~ 2021.12.08,0.5,40.0,16.96,100.0,0.0079,95.38,90.0,62.0,9.5,96.77,77.03,5.4,71.63
M1200606218,Niro,소형,4.92,2021.0,1.0,2021.01,2021-11-15T18:51:31+00:00,2021-12-08T23:01:06+00:00,2021.11.15 ~ 2021.12.08,0.33,40.0,16.33,100.0,0.0084,94.75,90.0,58.0,17.5,87.93,75.45,5.4,70.05
M1200606222,Niro,소형,4.92,2021.0,1.0,2021.01,2021-11-23T11:17:44+00:00,2021-12-08T23:50:11+00:00,2021.11.23 ~ 2021.12.08,0.37,40.0,17.79,100.0,0.008,95.28,78.95,224.0,6.9,95.98,75.03,5.4,69.63
M1200606223,Niro,소형,4.92,2021.0,1.0,2021.01,2021-10-29T11:30:07+00:00,2021-12-08T23:56:03+00:00,2021.10.29 ~ 2021.12.08,0.33,40.0,19.62,100.0,0.0158,73.97,40.0,373.0,9.2,81.23,62.53,5.4,57.13
M1200606224,Niro,소형,4.92,2021.0,1.0,2021.01,2021-10-12T13:54:26+00:00,2021-12-08T23:55:45+00:00,2021.10.12 ~ 2021.12.08,0.25,40.0,19.08,100.0,0.0072,96.11,40.0,358.0,24.8,87.43,67.26,5.4,61.86
M1200606225,Niro,소형,4.92,2021.0,1.0,2021.01,2021-10-06T14:58:22+00:00,2021-10-24T00:03:12+00:00,2021.10.06 ~ 2021.10.24,0.16,40.0,20.49,100.0,0.0221,40.0,90.0,1428.0,42.9,92.05,67.01,5.4,61.61
M1200606229,Niro,소형,4.92,2021.0,1.0,2021.01,2021-11-01T13:38:21+00:00,2021-12-03T12:10:16+00:00,2021.11.01 ~ 2021.12.03,3.11,40.0,11.33,100.0,0.0069,96.38,100.0,97.0,0.7,100.0,79.4,5.4,74.0
M1200606230,Niro,소형,4.92,2021.0,1.0,2021.01,2021-11-22T09:40:01+00:00,2021-12-06T15:50:36+00:00,2021.11.22 ~ 2021.12.06,3.73,45.8,15.01,100.0,0.0077,95.56,90.0,160.0,0.5,95.94,78.85,5.4,73.45
M1200606234,Niro,소형,4.92,2021.0,1.0,2021.01,2021-11-17T09:46:05+00:00,2021-12-01T18:42:42+00:00,2021.11.17 ~ 2021.12.01,1.84,40.0,12.02,100.0,0.0066,96.62,90.0,8.0,2.4,81.25,74.65,5.4,69.25
M1200606235,Niro,소형,4.92,2021.0,1.0,2021.01,2021-11-17T10:01:41+00:00,2021-12-08T15:18:06+00:00,2021.11.17 ~ 2021.12.08,2.36,40.0,8.82,100.0,0.0066,96.64,90.0,82.0,1.0,100.0,77.77,5.4,72.37
M1200606238,Niro,소형,4.92,2021.0,1.0,2021.01,2021-11-17T09:47:15+00:00,2021-12-03T14:42:34+00:00,2021.11.17 ~ 2021.12.03,2.1,40.0,15.39,100.0,0.0092,93.67,90.0,31.0,1.4,96.77,76.74,5.4,71.34
M1200606239,Niro,소형,4.92,2021.0,1.0,2021.01,2021-11-11T09:32:13+00:00,2021-11-25T14:29:41+00:00,2021.11.11 ~ 2021.11.25,2.3,40.0,13.34,100.0,0.0077,95.64,90.0,55.0,1.2,84.55,75.03,5.4,69.63
M1200606240,Niro,소형,4.92,2021.0,1.0,2021.01,2021-11-11T14:03:52+00:00,2021-12-03T14:22:20+00:00,2021.11.11 ~ 2021.12.03,2.07,40.0,10.25,100.0,0.0099,92.63,90.0,39.0,18.3,88.46,75.18,5.4,69.78
M1200606242,Niro,소형,4.92,2021.0,1.0,2021.01,2021-11-18T15:01:21+00:00,2021-12-08T17:20:16+00:00,2021.11.18 ~ 2021.12.08,1.84,40.0,12.68,100.0,0.0062,96.95,90.0,55.0,3.7,99.09,77.67,5.4,72.27
M1200606243,Niro,소형,4.92,2021.0,1.0,2021.01,2021-11-17T09:55:25+00:00,2021-12-05T16:31:03+00:00,2021.11.17 ~ 2021.12.05,2.3,40.0,14.65,100.0,0.0109,90.69,76.85,154.0,0.7,95.13,73.78,5.4,68.38
M1200606244,Niro,소형,4.92,2021.0,1.0,2021.01,2021-11-25T16:07:17+00:00,2021-12-08T13:28:51+00:00,2021.11.25 ~ 2021.12.08,2.09,40.0,9.49,100.0,0.0086,94.52,90.0,28.0,5.0,100.0,77.42,5.4,72.02
M1200606245,Niro,소형,4.92,2021.0,1.0,2021.01,2021-11-15T09:34:47+00:00,2021-11-28T17:34:09+00:00,2021.11.15 ~ 2021.11.28,3.15,40.0,18.03,100.0,0.0081,95.12,90.0,340.0,1.4,93.53,76.44,5.4,71.04
M1200606246,Niro,소형,4.92,2021.0,1.0,2021.01,2021-11-18T10:59:58+00:00,2021-12-08T15:17:23+00:00,2021.11.18 ~ 2021.12.08,2.15,40.0,8.13,100.0,0.0093,93.5,79.01,129.0,0.7,100.0,75.42,5.4,70.02
M1200606247,Niro,소형,4.92,2021.0,1.0,2021.01,2021-11-11T00:04:25+00:00,2021-12-08T14:17:51+00:00,2021.11.11 ~ 2021.12.08,2.68,40.0,10.98,100.0,0.0097,92.89,90.0,157.0,2.7,98.09,76.83,5.4,71.43
M1200606248,Niro,소형,4.92,2021.0,1.0,2021.01,2021-11-17T10:23:26+00:00,2021-12-08T17:36:11+00:00,2021.11.17 ~ 2021.12.08,2.48,40.0,10.53,100.0,0.0067,96.56,90.0,65.0,3.6,84.62,75.2,5.4,69.8
M1200606249,Niro,소형,4.92,2021.0,1.0,2021.01,2021-11-17T11:00:08+00:00,2021-12-08T15:16:13+00:00,2021.11.17 ~ 2021.12.08,2.32,40.0,10.35,100.0,0.008,95.26,100.0,65.0,2.4,97.69,78.82,5.4,73.42
M1200606250,Niro,소형,4.92,2021.0,1.0,2021.01,2021-11-04T14:58:16+00:00,2021-12-08T15:39:18+00:00,2021.11.04 ~ 2021.12.08,1.94,40.0,9.15,100.0,0.0058,97.22,90.0,78.0,1.4,96.15,77.23,5.4,71.83
M1200606251,Niro,소형,4.92,2021.0,1.0,2021.01,2021-11-18T13:53:10+00:00,2021-12-08T15:20:09+00:00,2021.11.18 ~ 2021.12.08,2.18,40.0,8.42,100.0,0.0115,89.38,78.05,111.0,0.9,100.0,74.57,5.4,69.17
M1200606252,Niro,소형,4.92,2021.0,1.0,2021.01,2021-11-17T10:16:40+00:00,2021-12-08T17:10:19+00:00,2021.11.17 ~ 2021.12.08,2.81,40.0,12.34,100.0,0.0086,94.55,90.0,97.0,2.5,89.69,75.71,5.4,70.31
M1200606253,Niro,소형,4.92,2021.0,1.0,2021.01,2021-11-17T14:18:35+00:00,2021-12-08T17:11:17+00:00,2021.11.17 ~ 2021.12.08,2.67,40.0,11.99,100.0,0.0079,95.42,90.0,93.0,2.1,94.09,76.58,5.4,71.18
M1200606254,Niro,소형,4.92,2021.0,1.0,2021.01,2021-11-12T17:07:51+00:00,2021-12-02T15:03:41+00:00,2021.11.12 ~ 2021.12.02,2.55,40.0,14.7,100.0,0.0094,93.35,90.0,114.0,1.2,92.98,76.06,5.4,70.66
M1200606255,Niro,소형,4.92,2021.0,1.0,2021.01,2021-11-15T10:43:46+00:00,2021-12-08T16:05:43+00:00,2021.11.15 ~ 2021.12.08,1.42,40.0,11.8,100.0,0.019,55.96,90.0,172.0,33.2,94.77,70.12,5.4,64.72
M1200606256,Niro,소형,4.92,2021.0,1.0,2021.01,2021-11-17T15:05:10+00:00,2021-12-08T15:13:05+00:00,2021.11.17 ~ 2021.12.08,2.12,40.0,11.24,100.0,0.0056,97.34,90.0,17.0,8.4,97.06,77.4,5.4,72.0
M1200606257,Niro,소형,4.92,2021.0,1.0,2021.01,2021-11-14T14:48:45+00:00,2021-12-02T18:29:15+00:00,2021.11.14 ~ 2021.12.02,2.27,40.0,15.43,100.0,0.0061,97.02,100.0,62.0,4.2,93.55,78.43,5.4,73.03
M1200606258,Niro,소형,4.92,2021.0,1.0,2021.01,2021-11-24T09:25:38+00:00,2021-12-07T15:59:13+00:00,2021.11.24 ~ 2021.12.07,,0.0,19.44,100.0,0.0034,98.44,90.0,6.0,2.3,100.0,64.74,5.4,59.34
M1200606260,Niro,소형,4.92,2021.0,1.0,2021.01,2021-11-16T13:14:21+00:00,2021-12-02T17:01:23+00:00,2021.11.16 ~ 2021.12.02,1.14,40.0,13.82,100.0,0.0074,95.86,90.0,104.0,2.9,100.0,77.64,5.4,72.24
M1200606261,Niro,소형,4.92,2021.0,1.0,2021.01,2021-11-17T13:28:36+00:00,2021-11-22T10:20:27+00:00,2021.11.17 ~ 2021.11.22,2.77,40.0,12.52,100.0,0.0072,96.05,90.0,14.0,8.4,85.71,75.29,5.4,69.89
M1200606262,Niro,소형,4.92,2021.0,1.0,2021.01,2021-11-17T16:44:50+00:00,2021-12-07T17:01:20+00:00,2021.11.17 ~ 2021.12.07,2.21,40.0,9.11,100.0,0.0076,95.71,87.14,76.0,1.3,93.42,76.04,5.4,70.64
M1200606263,Niro,소형,4.92,2021.0,1.0,2021.01,2021-11-18T12:20:53+00:00,2021-12-06T14:34:48+00:00,2021.11.18 ~ 2021.12.06,1.8,40.0,10.04,100.0,0.0074,95.91,76.25,47.0,4.4,100.0,75.36,5.4,69.96
M1200606264,Niro,소형,4.92,2021.0,1.0,2021.01,2021-11-03T12:47:33+00:00,2021-12-08T15:02:02+00:00,2021.11.03 ~ 2021.12.08,1.83,40.0,12.78,100.0,0.0089,94.17,90.0,161.0,2.1,99.07,77.21,5.4,71.81
M1200606265,Niro,소형,4.92,2021.0,1.0,2021.01,2021-11-09T02:31:35+00:00,2021-11-23T07:45:24+00:00,2021.11.09 ~ 2021.11.23,3.29,40.0,12.01,100.0,0.0052,97.57,90.0,3.0,32.2,100.0,77.93,5.4,72.53
M1200606267,Niro,소형,4.92,2021.0,1.0,2021.01,2021-11-17T10:26:58+00:00,2021-12-08T17:27:06+00:00,2021.11.17 ~ 2021.12.08,2.16,40.0,11.55,100.0,0.0078,95.51,90.0,177.0,1.5,100.0,77.59,5.4,72.19
M1200606269,Niro,소형,4.92,2021.0,1.0,2021.01,2021-11-12T13:52:00+00:00,2021-12-08T18:59:51+00:00,2021.11.12 ~ 2021.12.08,2.26,40.0,12.93,100.0,0.0073,96.04,90.0,230.0,2.8,93.91,76.66,5.4,71.26
M1200606270,Niro,소형,4.92,2021.0,1.0,2021.01,2021-11-18T10:44:10+00:00,2021-12-08T10:46:00+00:00,2021.11.18 ~ 2021.12.08,2.61,40.0,16.91,100.0,0.0061,96.97,90.0,49.0,5.1,86.73,75.62,5.4,70.22
M1200606272,Niro,소형,4.92,2021.0,1.0,2021.01,2021-11-17T09:43:49+00:00,2021-12-08T23:38:03+00:00,2021.11.17 ~ 2021.12.08,3.61,44.16,21.66,100.0,0.0078,95.43,90.0,5.0,16.7,100.0,78.96,5.4,73.56
M1200606273,Niro,소형,4.92,2021.0,1.0,2021.01,2021-11-17T14:02:54+00:00,2021-12-08T14:45:41+00:00,2021.11.17 ~ 2021.12.08,1.8,40.0,8.07,100.0,0.0527,40.0,90.0,103.0,2.6,95.63,67.61,5.4,62.21
M1200606274,Niro,소형,4.92,2021.0,1.0,2021.01,2021-11-17T09:43:57+00:00,2021-12-08T14:44:22+00:00,2021.11.17 ~ 2021.12.08,2.15,40.0,7.17,100.0,0.009,94.03,90.0,53.0,2.2,92.45,76.08,5.4,70.68
M1200606275,Niro,소형,4.92,2021.0,1.0,2021.01,2021-11-17T13:42:44+00:00,2021-12-02T20:29:10+00:00,2021.11.17 ~ 2021.12.02,2.47,40.0,7.55,100.0,0.0078,95.45,90.0,96.0,1.1,100.0,77.58,5.4,72.18
M1200606276,Niro,소형,4.92,2021.0,1.0,2021.01,2021-11-17T13:41:03+00:00,2021-12-08T17:05:18+00:00,2021.11.17 ~ 2021.12.08,1.82,40.0,9.83,100.0,0.0114,89.56,90.0,63.0,10.6,100.0,76.59,5.4,71.19
M1200606277,Niro,소형,4.92,2021.0,1.0,2021.01,2021-11-17T09:48:56+00:00,2021-11-30T18:10:28+00:00,2021.11.17 ~ 2021.11.30,2.97,40.0,16.01,100.0,0.0092,93.68,90.0,99.0,1.2,100.0,77.28,5.4,71.88
M1200606279,Niro,소형,4.92,2021.0,1.0,2021.01,2021-11-17T09:43:34+00:00,2021-12-08T17:16:50+00:00,2021.11.17 ~ 2021.12.08,2.63,40.0,17.27,100.0,0.0078,95.48,90.0,459.0,0.9,98.47,77.33,5.4,71.93
M1200606280,Niro,소형,4.92,2021.0,1.0,2021.01,2021-11-17T09:48:50+00:00,2021-12-08T18:44:26+00:00,2021.11.17 ~ 2021.12.08,2.3,40.0,16.79,100.0,0.0062,96.94,100.0,401.0,1.8,100.0,79.49,5.4,74.09
M1200606281,Niro,소형,4.92,2021.0,1.0,2021.01,2021-11-16T03:22:46+00:00,2021-11-21T15:15:54+00:00,2021.11.16 ~ 2021.11.21,3.25,40.0,16.9,100.0,0.008,95.21,90.0,80.0,4.5,100.0,77.54,5.4,72.14
M1200606282,Niro,소형,4.92,2021.0,1.0,2021.01,2021-11-19T15:07:32+00:00,2021-12-03T16:53:58+00:00,2021.11.19 ~ 2021.12.03,,0.0,9.2,100.0,0.004,98.2,90.0,,,80.0,61.37,5.4,55.97
M1200606283,Niro,소형,4.92,2021.0,1.0,2021.01,2021-11-17T16:40:54+00:00,2021-12-06T16:18:13+00:00,2021.11.17 ~ 2021.12.06,3.03,40.0,14.36,100.0,0.0105,91.5,100.0,320.0,4.3,98.44,78.32,5.4,72.92
M1200606285,Niro,소형,4.92,2021.0,1.0,2021.01,2021-11-12T15:31:27+00:00,2021-11-24T13:35:00+00:00,2021.11.12 ~ 2021.11.24,3.71,45.54,10.38,100.0,0.0122,87.58,78.19,29.0,3.7,77.59,72.41,5.4,67.01
M1200606286,Niro,소형,4.92,2021.0,1.0,2021.01,2021-11-18T10:22:00+00:00,2021-11-26T17:03:31+00:00,2021.11.18 ~ 2021.11.26,3.45,41.97,13.48,100.0,0.0111,90.16,90.0,162.0,0.7,97.53,76.94,5.4,71.54
M1200606287,Niro,소형,4.92,2021.0,1.0,2021.01,2021-11-18T11:46:33+00:00,2021-11-18T11:46:33+00:00,2021.11.18 ~ 2021.11.18,,0.0,8.75,100.0,0.02,50.0,80.0,,,80.0,51.67,5.4,46.27
M1200606289,Niro,소형,4.92,2021.0,1.0,2021.01,2021-11-17T00:27:35+00:00,2021-12-08T16:26:17+00:00,2021.11.17 ~ 2021.12.08,3.09,40.0,15.32,100.0,0.0066,96.61,90.0,19.0,3.8,92.11,76.45,5.4,71.05
M1200606290,Niro,소형,4.92,2021.0,1.0,2021.01,2021-11-15T13:31:37+00:00,2021-12-08T16:01:08+00:00,2021.11.15 ~ 2021.12.08,2.14,40.0,11.73,100.0,0.0273,40.0,90.0,183.0,12.0,100.0,68.33,5.4,62.93
M1200606291,Niro,소형,4.92,2021.0,1.0,2021.01,2021-11-15T13:47:20+00:00,2021-12-08T19:04:23+00:00,2021.11.15 ~ 2021.12.08,1.37,40.0,8.55,100.0,0.0092,93.72,90.0,162.0,0.8,96.91,76.77,5.4,71.37
M1200606292,Niro,소형,4.92,2021.0,1.0,2021.01,2021-11-16T06:50:16+00:00,2021-12-08T22:36:38+00:00,2021.11.16 ~ 2021.12.08,3.71,45.56,13.62,100.0,0.007,96.29,90.0,153.0,3.0,99.67,79.51,5.4,74.11
M1200606297,Niro,소형,4.92,2021.0,1.0,2021.01,2021-10-25T08:37:45+00:00,2021-11-09T17:21:45+00:00,2021.10.25 ~ 2021.11.09,0.37,40.0,17.79,100.0,0.0058,97.24,90.0,40.0,6.6,95.0,77.04,5.4,71.64
M1200606299,Niro,소형,4.92,2021.0,1.0,2021.01,2021-10-12T13:59:37+00:00,2021-12-08T23:12:00+00:00,2021.10.12 ~ 2021.12.08,0.32,40.0,17.87,100.0,0.0063,96.85,90.0,73.0,25.2,91.78,76.44,5.4,71.04
M1200607101,Niro,소형,4.92,2021.0,1.0,2021.01,2021-10-13T16:44:06+00:00,2021-12-08T17:15:13+00:00,2021.10.13 ~ 2021.12.08,2.5,40.0,13.83,100.0,0.0164,71.03,90.0,249.0,7.6,66.67,67.95,5.4,62.55
M1200607105,Niro,소형,4.92,2021.0,1.0,2021.01,2021-10-06T14:59:36+00:00,2021-12-08T17:13:51+00:00,2021.10.06 ~ 2021.12.08,1.96,40.0,17.78,100.0,0.0237,40.0,90.0,412.0,16.6,98.42,68.07,5.4,62.67
M1200607106,Niro,소형,4.92,2021.0,1.0,2021.01,2021-10-06T15:13:41+00:00,2021-12-08T15:40:43+00:00,2021.10.06 ~ 2021.12.08,1.65,40.0,16.89,100.0,0.0062,96.92,90.0,651.0,2.0,98.16,77.51,5.4,72.11
M1200607107,Niro,소형,4.92,2021.0,1.0,2021.01,2021-10-06T15:12:33+00:00,2021-11-15T12:17:34+00:00,2021.10.06 ~ 2021.11.15,1.48,40.0,23.2,100.0,0.0071,96.2,90.0,160.0,6.9,99.38,77.6,5.4,72.2
M1200607109,Niro,소형,4.92,2021.0,1.0,2021.01,2021-10-14T12:19:54+00:00,2021-12-08T17:01:33+00:00,2021.10.14 ~ 2021.12.08,1.69,40.0,19.61,100.0,0.0101,92.22,90.0,240.0,5.5,98.75,76.83,5.4,71.43
M1200607111,Niro,소형,4.92,2021.0,1.0,2021.01,2021-10-13T14:16:16+00:00,2021-12-06T16:45:54+00:00,2021.10.13 ~ 2021.12.06,2.14,40.0,15.5,100.0,0.0068,96.44,90.0,350.0,2.4,93.0,76.57,5.4,71.17
M1200607112,Niro,소형,4.92,2021.0,1.0,2021.01,2021-10-12T14:01:58+00:00,2021-11-17T17:38:10+00:00,2021.10.12 ~ 2021.11.17,1.83,40.0,17.5,100.0,0.0091,93.9,90.0,329.0,4.3,98.78,77.11,5.4,71.71
M1200607113,Niro,소형,4.92,2021.0,1.0,2021.01,2021-10-06T15:10:30+00:00,2021-12-07T10:56:01+00:00,2021.10.06 ~ 2021.12.07,1.88,40.0,11.48,100.0,0.0088,94.31,90.0,273.0,3.9,100.0,77.38,5.4,71.98
M1200607114,Niro,소형,4.92,2021.0,1.0,2021.01,2021-10-06T15:05:29+00:00,2021-12-08T14:58:52+00:00,2021.10.06 ~ 2021.12.08,2.48,40.0,14.38,100.0,0.0112,89.94,90.0,356.0,2.8,99.58,76.59,5.4,71.19
M1200607116,Niro,소형,4.92,2021.0,1.0,2021.01,2021-10-13T16:06:47+00:00,2021-12-08T14:14:07+00:00,2021.10.13 ~ 2021.12.08,1.59,40.0,12.4,100.0,0.0064,96.78,79.54,230.0,1.1,100.0,76.05,5.4,70.65
M1200607117,Niro,소형,4.92,2021.0,1.0,2021.01,2021-10-06T15:00:09+00:00,2021-12-08T13:58:46+00:00,2021.10.06 ~ 2021.12.08,1.68,40.0,14.8,100.0,0.0084,94.82,90.0,389.0,1.8,100.0,77.47,5.4,72.07
M1200607118,Niro,소형,4.92,2021.0,1.0,2021.01,2021-10-06T15:10:36+00:00,2021-12-08T15:47:45+00:00,2021.10.06 ~ 2021.12.08,1.96,40.0,14.53,100.0,0.0239,40.0,90.0,214.0,12.5,97.66,67.94,5.4,62.54
M1200607120,Niro,소형,4.92,2021.0,1.0,2021.01,2021-10-06T15:04:04+00:00,2021-12-08T16:27:37+00:00,2021.10.06 ~ 2021.12.08,1.57,40.0,15.87,100.0,0.0112,90.09,90.0,133.0,0.8,95.49,75.93,5.4,70.53
M1200607122,Niro,소형,4.92,2021.0,1.0,2021.01,2021-10-13T13:07:36+00:00,2021-10-25T14:31:56+00:00,2021.10.13 ~ 2021.10.25,0.82,40.0,21.57,100.0,0.0083,94.88,90.0,1.0,0.5,100.0,77.48,5.4,72.08
M1200607123,Niro,소형,4.92,2021.0,1.0,2021.01,2021-10-19T09:35:05+00:00,2021-12-08T15:14:03+00:00,2021.10.19 ~ 2021.12.08,1.97,40.0,13.19,100.0,0.0089,94.18,76.17,403.0,1.6,99.13,74.91,5.4,69.51
M1200607124,Niro,소형,4.92,2021.0,1.0,2021.01,2021-10-12T14:02:30+00:00,2021-12-08T16:56:12+00:00,2021.10.12 ~ 2021.12.08,2.21,40.0,19.41,100.0,0.0062,96.95,90.0,91.0,1.1,90.11,76.18,5.4,70.78
M1200607126,Niro,소형,4.92,2021.0,1.0,2021.01,2021-10-20T14:20:04+00:00,2021-11-09T14:14:22+00:00,2021.10.20 ~ 2021.11.09,1.57,40.0,16.59,100.0,0.0062,96.92,90.0,147.0,3.1,91.84,76.46,5.4,71.06
M1200607128,Niro,소형,4.92,2021.0,1.0,2021.01,2021-10-06T15:06:11+00:00,2021-12-08T14:32:11+00:00,2021.10.06 ~ 2021.12.08,1.62,40.0,11.53,100.0,0.0073,95.96,79.27,404.0,0.8,100.0,75.87,5.4,70.47
M1200607131,Niro,소형,4.92,2021.0,1.0,2021.01,2021-10-12T14:00:48+00:00,2021-12-06T15:08:36+00:00,2021.10.12 ~ 2021.12.06,1.43,40.0,19.01,100.0,0.0066,96.61,90.0,134.0,1.9,100.0,77.77,5.4,72.37
M1200607132,Niro,소형,4.92,2021.0,1.0,2021.01,2021-10-31T09:00:24+00:00,2021-11-01T13:18:10+00:00,2021.10.31 ~ 2021.11.01,1.97,40.0,16.37,100.0,0.0732,40.0,90.0,7.0,43.1,100.0,68.33,5.4,62.93
M1200607133,Niro,소형,4.92,2021.0,1.0,2021.01,2021-10-15T09:55:49+00:00,2021-12-08T15:23:28+00:00,2021.10.15 ~ 2021.12.08,2.07,40.0,14.54,100.0,0.0097,92.99,90.0,142.0,5.9,95.77,76.46,5.4,71.06
M1200607134,Niro,소형,4.92,2021.0,1.0,2021.01,2021-10-12T14:04:52+00:00,2021-12-08T19:19:36+00:00,2021.10.12 ~ 2021.12.08,1.6,40.0,16.67,100.0,0.0091,93.78,90.0,62.0,3.4,98.39,77.03,5.4,71.63
M1200607135,Niro,소형,4.92,2021.0,1.0,2021.01,2021-10-06T15:00:02+00:00,2021-12-07T18:42:37+00:00,2021.10.06 ~ 2021.12.07,1.76,40.0,12.4,100.0,0.007,96.26,79.76,115.0,1.9,99.13,75.86,5.4,70.46
M1200607136,Niro,소형,4.92,2021.0,1.0,2021.01,2021-10-13T15:48:28+00:00,2021-12-08T13:15:35+00:00,2021.10.13 ~ 2021.12.08,2.5,40.0,20.07,100.0,0.0107,91.04,90.0,288.0,1.1,97.92,76.49,5.4,71.09
M1200607138,Niro,소형,4.92,2021.0,1.0,2021.01,2021-10-06T15:05:27+00:00,2021-11-01T18:25:56+00:00,2021.10.06 ~ 2021.11.01,1.54,40.0,18.59,100.0,0.0076,95.73,90.0,201.0,1.4,99.25,77.5,5.4,72.1
M1200607139,Niro,소형,4.92,2021.0,1.0,2021.01,2021-10-10T11:44:12+00:00,2021-11-02T09:25:26+00:00,2021.10.10 ~ 2021.11.02,1.35,40.0,21.11,100.0,0.0096,93.11,78.9,165.0,1.8,92.73,74.12,5.4,68.72
M1200607140,Niro,소형,4.92,2021.0,1.0,2021.01,2021-10-02T02:25:09+00:00,2021-12-08T15:45:08+00:00,2021.10.02 ~ 2021.12.08,2.17,40.0,10.47,100.0,0.0061,96.99,90.0,61.0,6.2,96.72,77.28,5.4,71.88
M1200607142,Niro,소형,4.92,2021.0,1.0,2021.01,2021-10-03T19:04:17+00:00,2021-12-02T12:05:29+00:00,2021.10.03 ~ 2021.12.02,1.89,40.0,12.83,100.0,0.0089,94.14,77.72,54.0,3.8,92.59,74.08,5.4,68.68
M1200607143,Niro,소형,4.92,2021.0,1.0,2021.01,2021-10-15T14:45:05+00:00,2021-12-08T17:40:15+00:00,2021.10.15 ~ 2021.12.08,1.6,40.0,11.16,100.0,0.0113,89.76,90.0,265.0,4.4,94.34,75.68,5.4,70.28
M1200607144,Niro,소형,4.92,2021.0,1.0,2021.01,2021-10-12T10:53:52+00:00,2021-12-03T16:55:42+00:00,2021.10.12 ~ 2021.12.03,0.91,40.0,12.17,100.0,0.0136,83.05,90.0,3.0,55.2,83.33,72.73,5.4,67.33
M1200607146,Niro,소형,4.92,2021.0,1.0,2021.01,2021-10-10T17:04:20+00:00,2021-12-08T19:33:44+00:00,2021.10.10 ~ 2021.12.08,2.34,40.0,21.72,100.0,0.0099,92.5,90.0,250.0,4.9,97.4,76.65,5.4,71.25
M1200607148,Niro,소형,4.92,2021.0,1.0,2021.01,2021-10-06T13:00:29+00:00,2021-11-17T09:41:30+00:00,2021.10.06 ~ 2021.11.17,2.21,40.0,18.89,100.0,0.0095,93.17,90.0,156.0,3.7,96.79,76.66,5.4,71.26
M1200607150,Niro,소형,4.92,2021.0,1.0,2021.01,2021-10-13T15:16:02+00:00,2021-12-08T16:30:00+00:00,2021.10.13 ~ 2021.12.08,2.52,40.0,13.23,100.0,0.0094,93.44,90.0,164.0,5.2,99.39,77.14,5.4,71.74
M1200607151,Niro,소형,4.92,2021.0,1.0,2021.01,2021-10-18T09:53:35+00:00,2021-12-08T18:04:46+00:00,2021.10.18 ~ 2021.12.08,2.64,40.0,17.31,100.0,0.0106,91.38,90.0,380.0,1.4,97.89,76.55,5.4,71.15
M1200607152,Niro,소형,4.92,2021.0,1.0,2021.01,2021-10-13T15:58:15+00:00,2021-12-07T11:05:07+00:00,2021.10.13 ~ 2021.12.07,3.15,40.0,18.3,100.0,0.0082,95.06,79.62,516.0,1.1,93.31,74.67,5.4,69.27
M1200607153,Niro,소형,4.92,2021.0,1.0,2021.01,2021-10-12T14:09:08+00:00,2021-12-07T15:17:14+00:00,2021.10.12 ~ 2021.12.07,2.14,40.0,13.2,100.0,0.0075,95.76,90.0,170.0,1.8,98.24,77.33,5.4,71.93
M1200607154,Niro,소형,4.92,2021.0,1.0,2021.01,2021-10-12T14:02:18+00:00,2021-11-22T10:51:51+00:00,2021.10.12 ~ 2021.11.22,2.84,40.0,12.21,100.0,0.0057,97.3,90.0,14.0,4.8,78.57,74.31,5.4,68.91
M1200607155,Niro,소형,4.92,2021.0,1.0,2021.01,2021-10-12T14:12:58+00:00,2021-12-06T19:06:39+00:00,2021.10.12 ~ 2021.12.06,2.35,40.0,16.62,100.0,0.0094,93.46,76.41,165.0,1.1,96.36,74.37,5.4,68.97
M1200607157,Niro,소형,4.92,2021.0,1.0,2021.01,2021-11-09T14:37:15+00:00,2021-11-15T10:44:44+00:00,2021.11.09 ~ 2021.11.15,3.23,40.0,18.4,100.0,0.012,88.09,82.81,195.0,0.6,97.44,74.72,5.4,69.32
M1200607158,Niro,소형,4.92,2021.0,1.0,2021.01,2021-10-22T11:42:30+00:00,2021-10-22T11:42:30+00:00,2021.10.22 ~ 2021.10.22,,0.0,,0.0,1.8,40.0,80.0,,,80.0,33.33,5.4,27.93
M1200607159,Niro,소형,4.92,2021.0,1.0,2021.01,2021-10-13T14:13:41+00:00,2021-12-06T16:27:32+00:00,2021.10.13 ~ 2021.12.06,2.0,40.0,14.65,100.0,0.0078,95.48,90.0,212.0,1.6,100.0,77.58,5.4,72.18
M1200607160,Niro,소형,4.92,2021.0,1.0,2021.01,2021-10-13T14:13:26+00:00,2021-12-08T13:57:48+00:00,2021.10.13 ~ 2021.12.08,1.95,40.0,17.33,100.0,0.0087,94.39,90.0,456.0,1.7,98.14,77.09,5.4,71.69
M1200607162,Niro,소형,4.92,2021.0,1.0,2021.01,2021-10-13T14:24:38+00:00,2021-12-03T14:58:59+00:00,2021.10.13 ~ 2021.12.03,1.76,40.0,17.24,100.0,0.0073,96.03,90.0,401.0,1.3,98.63,77.44,5.4,72.04
M1200607163,Niro,소형,4.92,2021.0,1.0,2021.01,2021-10-13T14:13:41+00:00,2021-12-06T17:14:56+00:00,2021.10.13 ~ 2021.12.06,1.99,40.0,16.58,100.0,0.0055,97.39,90.0,310.0,1.2,98.06,77.58,5.4,72.18
M1200607164,Niro,소형,4.92,2021.0,1.0,2021.01,2021-10-21T16:21:54+00:00,2021-12-02T18:04:57+00:00,2021.10.21 ~ 2021.12.02,2.84,40.0,15.93,100.0,0.0061,97.02,90.0,96.0,2.5,98.44,77.58,5.4,72.18
M1200607165,Niro,소형,4.92,2021.0,1.0,2021.01,2021-10-01T18:17:53+00:00,2021-12-02T17:46:47+00:00,2021.10.01 ~ 2021.12.02,2.13,40.0,16.43,100.0,0.0253,40.0,80.86,473.0,13.8,97.67,66.42,5.4,61.02
M1200607166,Niro,소형,4.92,2021.0,1.0,2021.01,2021-10-12T14:00:39+00:00,2021-12-03T00:20:39+00:00,2021.10.12 ~ 2021.12.03,3.42,41.7,14.23,100.0,0.0075,95.83,90.0,16.0,14.9,81.25,75.08,5.4,69.68
M1200607167,Niro,소형,4.92,2021.0,1.0,2021.01,2021-10-12T14:00:25+00:00,2021-12-08T23:53:03+00:00,2021.10.12 ~ 2021.12.08,0.19,40.0,15.78,100.0,0.0103,91.81,90.0,249.0,34.7,100.0,76.97,5.4,71.57
M1200607168,Niro,소형,4.92,2021.0,1.0,2021.01,2021-10-26T16:45:46+00:00,2021-10-27T09:16:20+00:00,2021.10.26 ~ 2021.10.27,1.42,40.0,13.02,100.0,0.0212,42.8,90.0,,,80.0,65.47,5.4,60.07
M1200607169,Niro,소형,4.92,2021.0,1.0,2021.01,2021-10-12T13:52:43+00:00,2021-11-19T11:57:27+00:00,2021.10.12 ~ 2021.11.19,0.26,40.0,22.38,100.0,0.0076,95.64,41.03,309.0,37.3,99.35,69.34,5.4,63.94
M1200607170,Niro,소형,4.92,2021.0,1.0,2021.01,2021-10-09T18:18:45+00:00,2021-12-08T18:34:38+00:00,2021.10.09 ~ 2021.12.08,2.38,40.0,17.05,100.0,0.0081,95.12,90.0,347.0,1.4,95.1,76.7,5.4,71.3
M1200607173,Niro,소형,4.92,2021.0,1.0,2021.01,2021-10-12T14:02:18+00:00,2021-12-08T23:48:07+00:00,2021.10.12 ~ 2021.12.08,0.27,40.0,15.96,100.0,0.0064,96.78,90.0,168.0,19.7,88.39,75.86,5.4,70.46
M1200607174,Niro,소형,4.92,2021.0,1.0,2021.01,2021-10-12T14:21:59+00:00,2021-12-08T23:41:05+00:00,2021.10.12 ~ 2021.12.08,0.29,40.0,16.89,100.0,0.0072,96.11,90.0,453.0,38.5,100.0,77.68,5.4,72.28
M1200607175,Niro,소형,4.92,2021.0,1.0,2021.01,2021-10-06T15:10:43+00:00,2021-12-08T23:32:30+00:00,2021.10.06 ~ 2021.12.08,0.3,40.0,21.36,100.0,0.009,94.01,90.0,561.0,21.9,98.31,77.05,5.4,71.65
M1200607176,Niro,소형,4.92,2021.0,1.0,2021.01,2021-10-12T13:59:47+00:00,2021-12-08T22:59:42+00:00,2021.10.12 ~ 2021.12.08,0.28,40.0,16.47,100.0,0.0085,94.69,90.0,452.0,41.6,99.23,77.32,5.4,71.92
M1200607177,Niro,소형,4.92,2021.0,1.0,2021.01,2021-10-12T14:14:44+00:00,2021-11-05T12:38:22+00:00,2021.10.12 ~ 2021.11.05,0.17,40.0,17.52,100.0,0.0089,94.09,90.0,125.0,23.6,91.2,75.88,5.4,70.48
M1200607178,Niro,소형,4.92,2021.0,1.0,2021.01,2021-10-05T16:31:29+00:00,2021-12-04T17:30:14+00:00,2021.10.05 ~ 2021.12.04,1.26,40.0,13.07,100.0,0.0094,93.44,78.03,481.0,4.6,100.0,75.24,5.4,69.84
M1200607179,Niro,소형,4.92,2021.0,1.0,2021.01,2021-10-06T14:59:00+00:00,2021-12-06T16:33:28+00:00,2021.10.06 ~ 2021.12.06,2.37,40.0,15.01,100.0,0.0068,96.41,90.0,274.0,3.6,92.7,76.52,5.4,71.12
M1200607180,Niro,소형,4.92,2021.0,1.0,2021.01,2021-10-13T14:12:04+00:00,2021-12-03T11:50:34+00:00,2021.10.13 ~ 2021.12.03,2.27,40.0,13.5,100.0,0.0074,95.86,90.0,109.0,10.7,88.07,75.66,5.4,70.26
M1200607181,Niro,소형,4.92,2021.0,1.0,2021.01,2021-10-13T14:12:51+00:00,2021-10-13T15:08:41+00:00,2021.10.13 ~ 2021.10.13,1.44,40.0,20.49,100.0,0.0083,94.95,90.0,,,80.0,74.16,5.4,68.76
M1200607182,Niro,소형,4.92,2021.0,1.0,2021.01,2021-10-10T17:23:39+00:00,2021-12-02T11:04:29+00:00,2021.10.10 ~ 2021.12.02,2.39,40.0,15.52,100.0,0.0377,40.0,90.0,438.0,29.8,97.37,67.9,5.4,62.5
M1200607185,Niro,소형,4.92,2021.0,1.0,2021.01,2021-10-06T15:05:33+00:00,2021-11-23T10:04:07+00:00,2021.10.06 ~ 2021.11.23,1.53,40.0,14.4,100.0,0.0117,88.74,78.48,335.0,3.5,100.0,74.54,5.4,69.14
M1200607186,Niro,소형,4.92,2021.0,1.0,2021.01,2021-10-13T14:11:57+00:00,2021-12-08T15:13:40+00:00,2021.10.13 ~ 2021.12.08,1.16,40.0,13.92,100.0,0.0085,94.67,77.7,26.0,0.5,100.0,75.4,5.4,70.0
M1200607187,Niro,소형,4.92,2021.0,1.0,2021.01,2021-10-06T15:06:13+00:00,2021-12-01T09:49:14+00:00,2021.10.06 ~ 2021.12.01,1.27,40.0,16.37,100.0,0.0072,96.11,86.9,721.0,0.8,98.4,76.9,5.4,71.5
M1200607188,Niro,소형,4.92,2021.0,1.0,2021.01,2021-10-06T15:12:45+00:00,2021-12-07T10:47:32+00:00,2021.10.06 ~ 2021.12.07,1.2,40.0,14.9,100.0,0.0088,94.24,86.77,745.0,3.2,100.0,76.84,5.4,71.44
M1200607189,Niro,소형,4.92,2021.0,1.0,2021.01,2021-10-30T16:42:11+00:00,2021-12-08T14:49:32+00:00,2021.10.30 ~ 2021.12.08,1.52,40.0,13.24,100.0,0.0479,40.0,77.59,201.0,48.1,94.53,65.35,5.4,59.95
M1200607190,Niro,소형,4.92,2021.0,1.0,2021.01,2021-10-06T15:08:58+00:00,2021-12-08T16:58:19+00:00,2021.10.06 ~ 2021.12.08,1.25,40.0,15.78,100.0,0.0061,96.96,90.0,984.0,1.7,100.0,77.83,5.4,72.43
M1200607191,Niro,소형,4.92,2021.0,1.0,2021.01,2021-10-06T15:05:31+00:00,2021-11-15T14:57:50+00:00,2021.10.06 ~ 2021.11.15,1.15,40.0,16.92,100.0,0.0053,97.52,90.0,725.0,0.7,98.76,77.71,5.4,72.31
M1200607192,Niro,소형,4.92,2021.0,1.0,2021.01,2021-10-06T14:59:46+00:00,2021-12-08T11:07:33+00:00,2021.10.06 ~ 2021.12.08,0.9,40.0,13.43,100.0,0.0059,97.15,87.18,455.0,0.8,100.0,77.39,5.4,71.99
M1200607193,Niro,소형,4.92,2021.0,1.0,2021.01,2021-04-15T12:28:09+00:00,2021-10-15T13:33:15+00:00,2021.04.15 ~ 2021.10.15,0.8,40.0,21.51,100.0,0.0041,98.14,90.0,9.0,7.1,94.44,77.1,5.4,71.7
M1200607194,Niro,소형,4.92,2021.0,1.0,2021.01,2021-10-06T14:59:46+00:00,2021-12-08T23:25:50+00:00,2021.10.06 ~ 2021.12.08,0.4,40.0,20.46,100.0,0.0096,93.08,90.0,279.0,23.5,91.04,75.69,5.4,70.29
M1200607195,Niro,소형,4.92,2021.0,1.0,2021.01,2021-10-12T14:00:35+00:00,2021-12-08T23:09:38+00:00,2021.10.12 ~ 2021.12.08,0.35,40.0,19.05,100.0,0.0103,91.83,90.0,425.0,13.6,98.59,76.74,5.4,71.34
M1200607196,Niro,소형,4.92,2021.0,1.0,2021.01,2021-10-06T15:05:31+00:00,2021-11-22T11:32:01+00:00,2021.10.06 ~ 2021.11.22,1.98,40.0,14.3,100.0,0.005,97.68,90.0,36.0,9.0,86.11,75.63,5.4,70.23
M1200607197,Niro,소형,4.92,2021.0,1.0,2021.01,2021-03-31T14:00:55+00:00,2021-11-22T11:10:15+00:00,2021.03.31 ~ 2021.11.22,1.98,40.0,21.17,100.0,0.0059,97.12,70.04,1.0,0.5,100.0,74.53,5.4,69.13
M1200607198,Niro,소형,4.92,2021.0,1.0,2021.01,2021-10-13T14:59:07+00:00,2021-12-08T16:52:25+00:00,2021.10.13 ~ 2021.12.08,2.51,40.0,16.54,100.0,0.0095,93.18,79.41,615.0,1.0,92.11,74.12,5.4,68.72
M1200607199,Niro,소형,4.92,2021.0,1.0,2021.01,2021-03-31T16:06:06+00:00,2021-12-08T13:27:09+00:00,2021.03.31 ~ 2021.12.08,3.29,40.0,16.99,100.0,0.0068,96.43,90.0,444.0,1.3,98.31,77.46,5.4,72.06
M1200607200,Niro,소형,4.92,2021.0,1.0,2021.01,2021-10-13T18:02:54+00:00,2021-12-02T08:26:11+00:00,2021.10.13 ~ 2021.12.02,2.11,40.0,15.98,100.0,0.0105,91.46,75.37,699.0,2.6,98.21,74.17,5.4,68.77
M1200607203,Niro,소형,4.92,2021.0,1.0,2021.01,2021-10-06T14:58:57+00:00,2021-12-08T23:56:42+00:00,2021.10.06 ~ 2021.12.08,0.26,40.0,18.81,100.0,0.0081,95.1,90.0,244.0,23.3,90.98,76.01,5.4,70.61
M1200607205,Niro,소형,4.92,2021.0,1.0,2021.01,2021-10-06T14:59:09+00:00,2021-12-08T23:57:37+00:00,2021.10.06 ~ 2021.12.08,0.28,40.0,18.52,100.0,0.0102,92.13,90.0,877.0,32.1,87.06,74.86,5.4,69.46
M1200607209,Niro,소형,4.92,2021.0,1.0,2021.01,2021-10-12T14:00:05+00:00,2021-12-08T23:57:45+00:00,2021.10.12 ~ 2021.12.08,0.27,40.0,19.11,100.0,0.0123,87.17,90.0,1376.0,36.8,97.46,75.77,5.4,70.37
M1200607212,Niro,소형,4.92,2021.0,1.0,2021.01,2021-10-12T14:26:12+00:00,2021-12-08T23:50:31+00:00,2021.10.12 ~ 2021.12.08,2.06,40.0,16.69,100.0,0.0064,96.8,90.0,316.0,2.9,99.68,77.75,5.4,72.35
M1200607214,Niro,소형,4.92,2021.0,1.0,2021.01,2021-10-12T14:00:30+00:00,2021-11-25T21:13:58+00:00,2021.10.12 ~ 2021.11.25,0.23,40.0,20.15,100.0,0.0092,93.72,79.89,246.0,22.3,98.98,75.43,5.4,70.03
M1200607217,Niro,소형,4.92,2021.0,1.0,2021.01,2021-10-06T14:56:33+00:00,2021-11-09T12:26:31+00:00,2021.10.06 ~ 2021.11.09,1.54,40.0,17.82,100.0,0.0075,95.75,77.51,261.0,2.7,98.47,75.29,5.4,69.89
M1200607218,Niro,소형,4.92,2021.0,1.0,2021.01,2021-10-13T14:22:45+00:00,2021-12-08T23:42:46+00:00,2021.10.13 ~ 2021.12.08,0.53,40.0,12.89,100.0,0.0065,96.66,90.0,488.0,4.4,99.08,77.62,5.4,72.22
M1200607220,Niro,소형,4.92,2021.0,1.0,2021.01,2021-10-12T14:49:16+00:00,2021-12-04T18:05:59+00:00,2021.10.12 ~ 2021.12.04,2.22,40.0,18.03,100.0,0.0053,97.52,90.0,277.0,2.5,97.29,77.47,5.4,72.07
M1200607221,Niro,소형,4.92,2021.0,1.0,2021.01,2021-10-06T14:59:00+00:00,2021-12-08T23:57:38+00:00,2021.10.06 ~ 2021.12.08,1.73,40.0,22.45,100.0,0.0106,91.29,90.0,2199.0,1.3,96.5,76.3,5.4,70.9
M1200607222,Niro,소형,4.92,2021.0,1.0,2021.01,2021-10-19T16:19:23+00:00,2021-11-28T18:46:14+00:00,2021.10.19 ~ 2021.11.28,0.9,40.0,19.43,100.0,0.005,97.69,73.59,8.0,12.9,100.0,75.21,5.4,69.81
M1200607226,Niro,소형,4.92,2021.0,1.0,2021.01,2021-10-13T15:03:54+00:00,2021-11-09T13:53:29+00:00,2021.10.13 ~ 2021.11.09,3.4,41.34,19.58,100.0,0.006,97.07,77.4,34.0,1.6,79.41,72.76,5.4,67.36
M1200607227,Niro,소형,4.92,2021.0,1.0,2021.01,2021-10-12T14:29:49+00:00,2021-11-09T13:34:15+00:00,2021.10.12 ~ 2021.11.09,2.15,40.0,19.47,100.0,0.0569,40.0,78.12,165.0,32.6,91.52,64.94,5.4,59.54
M1200607228,Niro,소형,4.92,2021.0,1.0,2021.01,2021-10-12T14:17:08+00:00,2021-12-08T23:56:19+00:00,2021.10.12 ~ 2021.12.08,2.82,40.0,19.62,100.0,0.0077,95.63,76.17,276.0,2.3,97.46,74.88,5.4,69.48
M1200607229,Niro,소형,4.92,2021.0,1.0,2021.01,2021-10-06T14:59:19+00:00,2021-12-08T23:53:10+00:00,2021.10.06 ~ 2021.12.08,0.36,40.0,21.5,100.0,0.0316,40.0,90.0,3790.0,38.1,96.25,67.71,5.4,62.31
M1200607232,Niro,소형,4.92,2021.0,1.0,2021.01,2021-10-13T19:09:59+00:00,2021-12-08T23:14:26+00:00,2021.10.13 ~ 2021.12.08,1.7,40.0,16.5,100.0,0.0075,95.82,90.0,852.0,1.0,97.59,77.23,5.4,71.83
M1200607241,Niro,소형,4.92,2021.0,1.0,2021.01,2021-10-12T14:20:36+00:00,2021-12-08T23:56:17+00:00,2021.10.12 ~ 2021.12.08,0.23,40.0,16.05,100.0,0.0257,40.0,90.0,3405.0,39.7,87.75,66.29,5.4,60.89
M1200607242,Niro,소형,4.92,2021.0,1.0,2021.01,2021-10-12T14:47:25+00:00,2021-12-08T23:10:42+00:00,2021.10.12 ~ 2021.12.08,0.36,40.0,24.0,100.0,0.0136,83.23,90.0,1873.0,34.7,94.61,74.64,5.4,69.24
M1200607243,Niro,소형,4.92,2021.0,1.0,2021.01,2021-10-13T14:19:47+00:00,2021-12-06T10:27:09+00:00,2021.10.13 ~ 2021.12.06,1.91,40.0,11.74,100.0,0.0069,96.33,90.0,41.0,17.9,85.37,75.28,5.4,69.88
M1200607244,Niro,소형,4.92,2021.0,1.0,2021.01,2021-10-06T15:07:06+00:00,2021-12-07T21:21:23+00:00,2021.10.06 ~ 2021.12.07,1.68,40.0,18.89,100.0,0.0071,96.16,90.0,1064.0,3.4,93.56,76.62,5.4,71.22
M1200607246,Niro,소형,4.92,2021.0,1.0,2021.01,2021-10-06T14:59:52+00:00,2021-12-08T23:34:43+00:00,2021.10.06 ~ 2021.12.08,2.01,40.0,20.43,100.0,0.0071,96.15,90.0,591.0,3.6,100.0,77.69,5.4,72.29
M1200607247,Niro,소형,4.92,2021.0,1.0,2021.01,2021-10-13T14:13:13+00:00,2021-12-06T20:00:58+00:00,2021.10.13 ~ 2021.12.06,2.9,40.0,22.58,100.0,0.0094,93.41,90.0,4477.0,1.0,98.22,76.94,5.4,71.54
M1200607251,Niro,소형,4.92,2021.0,1.0,2021.01,2021-10-12T02:30:07+00:00,2021-12-08T23:17:24+00:00,2021.10.12 ~ 2021.12.08,1.17,40.0,13.72,100.0,0.0062,96.92,90.0,99.0,25.0,88.89,75.97,5.4,70.57
M1200607257,Niro,소형,4.92,2021.0,1.0,2021.01,2021-10-12T12:32:43+00:00,2021-12-08T23:34:52+00:00,2021.10.12 ~ 2021.12.08,1.77,40.0,19.71,100.0,0.0074,95.94,90.0,332.0,3.7,99.55,77.58,5.4,72.18
M1200607262,Niro,소형,4.92,2021.0,1.0,2021.01,2021-10-06T15:00:01+00:00,2021-12-06T18:35:08+00:00,2021.10.06 ~ 2021.12.06,2.07,40.0,17.7,100.0,0.0062,96.89,90.0,356.0,4.0,88.76,75.94,5.4,70.54
M1200607523,Niro,소형,4.92,2021.0,1.0,2021.01,2021-10-13T14:11:58+00:00,2021-10-13T20:27:43+00:00,2021.10.13 ~ 2021.10.13,,0.0,23.5,100.0,0.0047,97.86,73.04,3.0,29.7,100.0,61.82,5.4,56.42
M1200607524,Niro,소형,4.92,2021.0,1.0,2021.01,2021-10-23T08:16:07+00:00,2021-12-08T22:45:05+00:00,2021.10.23 ~ 2021.12.08,0.76,40.0,16.3,100.0,0.0337,40.0,77.75,1414.0,33.5,93.95,65.28,5.4,59.88
M1200607525,Niro,소형,4.92,2021.0,1.0,2021.01,2021-10-06T15:05:51+00:00,2021-12-08T23:31:22+00:00,2021.10.06 ~ 2021.12.08,1.45,40.0,17.04,100.0,0.0196,52.38,77.88,995.0,20.4,99.8,68.34,5.4,62.94
M1200607527,Niro,소형,4.92,2021.0,1.0,2021.01,2021-10-12T14:26:37+00:00,2021-12-08T22:52:51+00:00,2021.10.12 ~ 2021.12.08,0.64,40.0,21.7,100.0,0.0141,81.26,76.17,391.0,32.1,99.74,72.86,5.4,67.46
M1200607529,Niro,소형,4.92,2021.0,1.0,2021.01,2021-10-13T15:19:48+00:00,2021-12-08T23:00:04+00:00,2021.10.13 ~ 2021.12.08,0.78,40.0,17.85,100.0,0.007,96.24,90.0,617.0,11.3,89.47,75.95,5.4,70.55
M1200607530,Niro,소형,4.92,2021.0,1.0,2021.01,2021-10-21T15:18:18+00:00,2021-12-08T23:02:45+00:00,2021.10.21 ~ 2021.12.08,0.9,40.0,13.49,100.0,0.0097,92.9,73.96,81.0,7.2,93.83,73.45,5.4,68.05
M1200607534,Niro,소형,4.92,2021.0,1.0,2021.01,2021-10-12T14:28:53+00:00,2021-12-08T23:53:15+00:00,2021.10.12 ~ 2021.12.08,1.08,40.0,18.23,100.0,0.0076,95.72,90.0,717.0,4.0,92.96,76.45,5.4,71.05
M1200607535,Niro,소형,4.92,2021.0,1.0,2021.01,2021-10-12T14:07:28+00:00,2021-12-08T23:57:21+00:00,2021.10.12 ~ 2021.12.08,1.1,40.0,17.36,100.0,0.0098,92.8,78.08,672.0,4.9,100.0,75.15,5.4,69.75
M1200607536,Niro,소형,4.92,2021.0,1.0,2021.01,2021-10-15T15:41:40+00:00,2021-10-22T13:19:03+00:00,2021.10.15 ~ 2021.10.22,0.91,40.0,9.62,100.0,0.0058,97.2,72.7,1.0,57.5,100.0,74.98,5.4,69.58
M1200607537,Niro,소형,4.92,2021.0,1.0,2021.01,1980-01-06T00:00:37+00:00,2021-11-01T16:10:25+00:00,1980.01.06 ~ 2021.11.01,0.18,40.0,18.25,100.0,0.0083,94.92,73.18,8.0,10.6,100.0,74.68,5.4,69.28
M1200607538,Niro,소형,4.92,2021.0,1.0,2021.01,2021-10-06T15:03:36+00:00,2021-12-08T23:55:23+00:00,2021.10.06 ~ 2021.12.08,1.76,40.0,12.57,100.0,0.0054,97.49,76.89,263.0,4.5,99.24,75.6,5.4,70.2
M1200607539,Niro,소형,4.92,2021.0,1.0,2021.01,2021-10-20T06:54:42+00:00,2021-12-08T23:49:31+00:00,2021.10.20 ~ 2021.12.08,1.71,40.0,14.91,100.0,0.0088,94.22,76.92,506.0,2.6,98.42,74.93,5.4,69.53
M1200607540,Niro,소형,4.92,2021.0,1.0,2021.01,2021-10-13T14:11:09+00:00,2021-12-08T23:39:36+00:00,2021.10.13 ~ 2021.12.08,0.99,40.0,14.76,100.0,0.0061,97.01,77.48,55.0,10.4,86.36,73.47,5.4,68.07
M1200607541,Niro,소형,4.92,2021.0,1.0,2021.01,2021-10-06T15:00:27+00:00,2021-12-08T23:03:37+00:00,2021.10.06 ~ 2021.12.08,1.11,40.0,14.64,100.0,0.0065,96.65,77.5,85.0,22.3,88.24,73.73,5.4,68.33
M1200607542,Niro,소형,4.92,2021.0,1.0,2021.01,2021-10-13T15:16:43+00:00,2021-10-21T08:29:42+00:00,2021.10.13 ~ 2021.10.21,0.04,40.0,11.61,100.0,0.0086,94.53,72.98,,,80.0,71.25,5.4,65.85
M1200607543,Niro,소형,4.92,2021.0,1.0,2021.01,2021-10-15T15:33:06+00:00,2021-12-08T23:07:38+00:00,2021.10.15 ~ 2021.12.08,2.36,40.0,12.26,100.0,0.0059,97.15,77.85,176.0,9.5,95.74,75.12,5.4,69.72
M1200607544,Niro,소형,4.92,2021.0,1.0,2021.01,2021-10-15T15:42:08+00:00,2021-12-08T23:07:34+00:00,2021.10.15 ~ 2021.12.08,1.24,40.0,18.89,100.0,0.0068,96.4,90.0,220.0,7.2,80.23,74.44,5.4,69.04
M1200607545,Niro,소형,4.92,2021.0,1.0,2021.01,2021-10-20T06:53:30+00:00,2021-12-08T23:00:42+00:00,2021.10.20 ~ 2021.12.08,1.8,40.0,15.7,100.0,0.0086,94.56,73.84,115.0,8.7,93.91,73.72,5.4,68.32
M1200607546,Niro,소형,4.92,2021.0,1.0,2021.01,2021-10-13T15:14:17+00:00,2021-10-20T07:37:53+00:00,2021.10.13 ~ 2021.10.20,0.06,40.0,14.19,100.0,0.0028,98.67,72.7,,,80.0,71.9,5.4,66.5
M1200607547,Niro,소형,4.92,2021.0,1.0,2021.01,2021-10-13T14:21:14+00:00,2021-12-08T22:47:07+00:00,2021.10.13 ~ 2021.12.08,1.14,40.0,18.52,100.0,0.0101,92.25,79.36,666.0,5.1,97.22,74.81,5.4,69.41
M1200607548,Niro,소형,4.92,2021.0,1.0,2021.01,2021-10-12T14:30:06+00:00,2021-12-08T23:55:58+00:00,2021.10.12 ~ 2021.12.08,1.27,40.0,19.64,100.0,0.0096,93.16,90.0,362.0,10.0,92.4,75.93,5.4,70.53
M1200607551,Niro,소형,4.92,2021.0,1.0,2021.01,2021-10-12T14:30:39+00:00,2021-12-08T22:54:04+00:00,2021.10.12 ~ 2021.12.08,0.69,40.0,19.05,100.0,0.0095,93.19,90.0,467.0,18.2,98.18,76.89,5.4,71.49
M1200607575,Niro,소형,4.92,2021.0,1.0,2021.01,2021-10-13T15:14:24+00:00,2021-10-13T22:15:08+00:00,2021.10.13 ~ 2021.10.13,0.13,40.0,26.37,100.0,0.0057,97.28,73.34,,,80.0,71.77,5.4,66.37
M1200607577,Niro,소형,4.92,2021.0,1.0,2021.01,2021-10-12T14:39:40+00:00,2021-12-08T23:09:54+00:00,2021.10.12 ~ 2021.12.08,0.72,40.0,18.2,100.0,0.0075,95.82,73.65,76.0,5.2,100.0,74.91,5.4,69.51
M1200607578,Niro,소형,4.92,2021.0,1.0,2021.01,2021-10-13T14:57:55+00:00,2021-12-08T23:46:25+00:00,2021.10.13 ~ 2021.12.08,2.85,40.0,19.03,100.0,0.0102,92.06,90.0,288.0,2.6,92.36,75.74,5.4,70.34
M1200607579,Niro,소형,4.92,2021.0,1.0,2021.01,2021-10-12T14:19:40+00:00,2021-12-08T23:48:06+00:00,2021.10.12 ~ 2021.12.08,1.56,40.0,15.99,100.0,0.0151,77.25,90.0,361.0,18.4,92.8,73.34,5.4,67.94
M1200607580,Niro,소형,4.92,2021.0,1.0,2021.01,2021-10-12T14:28:54+00:00,2021-12-08T22:05:21+00:00,2021.10.12 ~ 2021.12.08,0.6,40.0,17.35,100.0,0.0101,92.3,79.7,97.0,7.1,96.91,74.82,5.4,69.42
M1200607581,Niro,소형,4.92,2021.0,1.0,2021.01,2021-10-06T15:12:26+00:00,2021-12-08T22:27:42+00:00,2021.10.06 ~ 2021.12.08,0.87,40.0,23.25,100.0,0.0079,95.31,90.0,328.0,4.6,94.97,76.71,5.4,71.31
M1200607582,Niro,소형,4.92,2021.0,1.0,2021.01,2021-10-12T14:20:43+00:00,2021-12-08T23:20:47+00:00,2021.10.12 ~ 2021.12.08,1.96,40.0,19.1,100.0,0.0072,96.04,90.0,455.0,5.1,88.46,75.75,5.4,70.35
M1200607583,Niro,소형,4.92,2021.0,1.0,2021.01,2021-10-06T15:11:58+00:00,2021-12-08T22:28:43+00:00,2021.10.06 ~ 2021.12.08,1.03,40.0,19.66,100.0,0.012,87.99,90.0,1074.0,14.6,95.95,75.66,5.4,70.26
M1200607584,Niro,소형,4.92,2021.0,1.0,2021.01,2021-10-06T15:11:00+00:00,2021-12-08T21:25:07+00:00,2021.10.06 ~ 2021.12.08,0.61,40.0,16.16,100.0,0.0076,95.68,87.91,522.0,8.2,92.43,76.0,5.4,70.6
M1200607585,Niro,소형,4.92,2021.0,1.0,2021.01,2021-10-06T15:05:21+00:00,2021-12-08T23:24:47+00:00,2021.10.06 ~ 2021.12.08,0.18,40.0,12.45,100.0,0.0112,90.08,78.4,2.0,35.5,100.0,74.75,5.4,69.35
M1200607586,Niro,소형,4.92,2021.0,1.0,2021.01,2021-10-06T14:59:48+00:00,2021-12-08T23:53:45+00:00,2021.10.06 ~ 2021.12.08,0.87,40.0,18.65,100.0,0.0077,95.54,90.0,539.0,7.2,99.35,77.48,5.4,72.08
M1200607587,Niro,소형,4.92,2021.0,1.0,2021.01,2021-10-12T14:50:44+00:00,2021-12-08T23:29:37+00:00,2021.10.12 ~ 2021.12.08,0.79,40.0,15.56,100.0,0.0104,91.6,90.0,112.0,11.6,90.62,75.37,5.4,69.97
M1200607588,Niro,소형,4.92,2021.0,1.0,2021.01,2021-10-12T14:33:18+00:00,2021-12-08T23:54:43+00:00,2021.10.12 ~ 2021.12.08,1.36,40.0,19.3,100.0,0.0068,96.41,90.0,188.0,11.8,80.59,74.5,5.4,69.1
M1200607589,Niro,소형,4.92,2021.0,1.0,2021.01,2021-10-13T14:12:58+00:00,2021-12-08T23:51:48+00:00,2021.10.13 ~ 2021.12.08,1.56,40.0,18.41,100.0,0.0077,95.56,90.0,477.0,13.9,87.42,75.5,5.4,70.1
M1200607590,Niro,소형,4.92,2021.0,1.0,2021.01,2021-10-06T15:00:59+00:00,2021-11-02T05:46:08+00:00,2021.10.06 ~ 2021.11.02,0.23,40.0,17.93,100.0,0.0052,97.61,77.39,72.0,19.2,71.53,71.09,5.4,65.69
M1200607591,Niro,소형,4.92,2021.0,1.0,2021.01,2021-10-12T14:40:37+00:00,2021-12-08T22:50:04+00:00,2021.10.12 ~ 2021.12.08,3.89,47.91,22.63,100.0,0.01,92.35,74.66,159.0,1.2,100.0,77.14,5.4,71.74
M1200607592,Niro,소형,4.92,2021.0,1.0,2021.01,2021-10-13T14:50:26+00:00,2021-12-08T22:48:36+00:00,2021.10.13 ~ 2021.12.08,3.78,46.39,18.17,100.0,0.0101,92.27,72.76,209.0,1.5,100.0,76.3,5.4,70.9
M1200607593,Niro,소형,4.92,2021.0,1.0,2021.01,2021-10-06T15:13:47+00:00,2021-12-08T23:05:03+00:00,2021.10.06 ~ 2021.12.08,1.97,40.0,17.17,100.0,0.0116,89.17,79.12,252.0,1.4,99.8,74.68,5.4,69.28
M1200607595,Niro,소형,4.92,2021.0,1.0,2021.01,2021-10-12T14:28:30+00:00,2021-12-08T23:20:25+00:00,2021.10.12 ~ 2021.12.08,3.13,40.0,15.22,100.0,0.0114,89.58,76.37,90.0,0.8,95.0,73.49,5.4,68.09
M1200607597,Niro,소형,4.92,2021.0,1.0,2021.01,2021-10-12T14:45:55+00:00,2021-12-08T21:10:31+00:00,2021.10.12 ~ 2021.12.08,1.76,40.0,16.5,100.0,0.0194,53.62,90.0,596.0,26.6,97.99,70.27,5.4,64.87
M1200607598,Niro,소형,4.92,2021.0,1.0,2021.01,2021-10-12T14:10:43+00:00,2021-12-04T04:11:26+00:00,2021.10.12 ~ 2021.12.04,2.59,40.0,20.49,100.0,0.0146,79.22,76.76,156.0,3.4,96.79,72.13,5.4,66.73
M1200607600,Niro,소형,4.92,2021.0,1.0,2021.01,2021-10-13T14:17:53+00:00,2021-12-08T23:23:32+00:00,2021.10.13 ~ 2021.12.08,0.94,40.0,13.34,100.0,0.0084,94.78,90.0,234.0,7.1,94.87,76.61,5.4,71.21
M2210703601,Niro,소형,4.92,2021.0,1.0,2021.01,2021-10-13T15:18:28+00:00,2021-12-08T23:41:11+00:00,2021.10.13 ~ 2021.12.08,1.95,40.0,21.0,100.0,0.0103,91.91,73.65,167.0,6.0,97.31,73.81,5.4,68.41
M2210703602,Niro,소형,4.92,2021.0,1.0,2021.01,2021-10-06T14:58:59+00:00,2021-10-14T08:33:09+00:00,2021.10.06 ~ 2021.10.14,0.2,40.0,27.98,100.0,0.0156,75.23,77.29,34.0,36.0,100.0,72.09,5.4,66.69
M2210703603,Niro,소형,4.92,2021.0,1.0,2021.01,2021-10-06T15:00:03+00:00,2021-12-08T20:21:19+00:00,2021.10.06 ~ 2021.12.08,0.98,40.0,17.88,100.0,0.0087,94.37,88.41,640.0,10.0,96.64,76.57,5.4,71.17
M2210703604,Niro,소형,4.92,2021.0,1.0,2021.01,2021-10-12T14:42:49+00:00,2021-12-08T23:19:32+00:00,2021.10.12 ~ 2021.12.08,2.08,40.0,16.59,100.0,0.0078,95.49,72.86,96.0,5.0,97.92,74.38,5.4,68.98
M2210703605,Niro,소형,4.92,2021.0,1.0,2021.01,2021-10-12T14:04:20+00:00,2021-12-08T23:34:23+00:00,2021.10.12 ~ 2021.12.08,1.1,40.0,22.44,100.0,0.0088,94.21,90.0,91.0,10.3,91.21,75.9,5.4,70.5
M2210703606,Niro,소형,4.92,2021.0,1.0,2021.01,2021-10-12T14:17:29+00:00,2021-12-08T23:01:51+00:00,2021.10.12 ~ 2021.12.08,1.84,40.0,14.77,100.0,0.005,97.71,72.64,58.0,5.1,100.0,75.06,5.4,69.66
M2210703607,Niro,소형,4.92,2021.0,1.0,2021.01,2021-10-13T14:40:30+00:00,2021-12-08T22:54:06+00:00,2021.10.13 ~ 2021.12.08,2.54,40.0,17.19,100.0,0.017,67.71,74.12,173.0,19.1,99.71,70.26,5.4,64.86
M2210703608,Niro,소형,4.92,2021.0,1.0,2021.01,2021-10-12T14:41:02+00:00,2021-12-08T23:48:36+00:00,2021.10.12 ~ 2021.12.08,1.31,40.0,14.48,100.0,0.0076,95.71,75.2,107.0,4.7,92.52,73.91,5.4,68.51
M2210703609,Niro,소형,4.92,2021.0,1.0,2021.01,2021-10-12T14:21:12+00:00,2021-12-08T23:17:04+00:00,2021.10.12 ~ 2021.12.08,2.65,40.0,11.87,100.0,0.0267,40.0,77.67,218.0,11.1,100.0,66.28,5.4,60.88
M2210703610,Niro,소형,4.92,2021.0,1.0,2021.01,2021-11-03T16:49:48+00:00,2021-12-08T21:41:50+00:00,2021.11.03 ~ 2021.12.08,1.54,40.0,15.47,100.0,0.0084,94.77,90.0,340.0,4.1,91.03,75.97,5.4,70.57
M2210703611,Niro,소형,4.92,2021.0,1.0,2021.01,2021-10-12T14:14:31+00:00,2021-12-08T22:46:35+00:00,2021.10.12 ~ 2021.12.08,0.81,40.0,22.05,100.0,0.0062,96.96,90.0,103.0,13.6,94.17,76.86,5.4,71.46
M2210703612,Niro,소형,4.92,2021.0,1.0,2021.01,2021-10-13T14:13:31+00:00,2021-12-08T23:01:25+00:00,2021.10.13 ~ 2021.12.08,3.01,40.0,13.97,100.0,0.0086,94.51,90.0,311.0,5.7,94.53,76.51,5.4,71.11
M2210703613,Niro,소형,4.92,2021.0,1.0,2021.01,2021-10-12T14:17:07+00:00,2021-12-08T23:46:24+00:00,2021.10.12 ~ 2021.12.08,0.62,40.0,18.56,100.0,0.0238,40.0,73.87,251.0,35.8,99.8,65.61,5.4,60.21
M2210703621,Niro,소형,4.92,2021.0,1.0,2021.01,2021-10-12T14:31:42+00:00,2021-11-02T19:27:04+00:00,2021.10.12 ~ 2021.11.02,0.28,40.0,20.06,100.0,0.0115,89.28,71.73,9.0,14.0,100.0,73.5,5.4,68.1
M2210703622,Niro,소형,4.92,2021.0,1.0,2021.01,2021-10-13T14:50:33+00:00,2021-12-08T22:57:32+00:00,2021.10.13 ~ 2021.12.08,0.38,40.0,18.69,100.0,0.0093,93.54,90.0,66.0,28.8,82.58,74.35,5.4,68.95
M2210703623,Niro,소형,4.92,2021.0,1.0,2021.01,2021-10-13T14:15:21+00:00,2021-12-08T23:12:23+00:00,2021.10.13 ~ 2021.12.08,0.52,40.0,21.37,100.0,0.0093,93.52,90.0,68.0,6.6,100.0,77.25,5.4,71.85
M2210703624,Niro,소형,4.92,2021.0,1.0,2021.01,2021-10-12T14:01:34+00:00,2021-12-08T23:56:27+00:00,2021.10.12 ~ 2021.12.08,1.68,40.0,14.13,100.0,0.0079,95.33,72.84,120.0,2.2,95.42,73.93,5.4,68.53
M2210703625,Niro,소형,4.92,2021.0,1.0,2021.01,2021-10-12T14:32:23+00:00,2021-12-08T22:53:30+00:00,2021.10.12 ~ 2021.12.08,0.32,40.0,18.79,100.0,0.0115,89.27,76.15,91.0,2.5,100.0,74.24,5.4,68.84
M2210703626,Niro,소형,4.92,2021.0,1.0,2021.01,2021-10-06T15:09:05+00:00,2021-12-08T23:54:27+00:00,2021.10.06 ~ 2021.12.08,3.52,42.97,18.54,100.0,0.0107,91.06,73.89,26.0,6.8,100.0,75.15,5.4,69.75
M2210703627,Niro,소형,4.92,2021.0,1.0,2021.01,2021-10-13T15:15:32+00:00,2021-12-08T21:36:48+00:00,2021.10.13 ~ 2021.12.08,2.65,40.0,17.28,100.0,0.0092,93.63,75.16,103.0,3.0,100.0,74.8,5.4,69.4
M2210703628,Niro,소형,4.92,2021.0,1.0,2021.01,2021-10-12T14:03:52+00:00,2021-12-08T23:16:59+00:00,2021.10.12 ~ 2021.12.08,1.48,40.0,10.95,100.0,0.0102,92.12,74.2,57.0,16.9,89.47,72.63,5.4,67.23
M2210703629,Niro,소형,4.92,2021.0,1.0,2021.01,2021-10-06T15:05:16+00:00,2021-12-08T22:51:15+00:00,2021.10.06 ~ 2021.12.08,0.88,40.0,16.87,100.0,0.0084,94.73,73.02,79.0,13.1,100.0,74.63,5.4,69.23
M2210703630,Niro,소형,4.92,2021.0,1.0,2021.01,2021-10-06T15:08:59+00:00,2021-12-08T23:20:58+00:00,2021.10.06 ~ 2021.12.08,0.32,40.0,21.96,100.0,0.0017,98.98,73.59,,,80.0,72.1,5.4,66.7
M2210703638,Niro,소형,4.92,2021.0,1.0,2021.01,2021-10-13T14:36:19+00:00,2021-12-08T23:45:09+00:00,2021.10.13 ~ 2021.12.08,1.43,40.0,13.57,100.0,0.0072,96.12,72.85,50.0,14.2,100.0,74.83,5.4,69.43
M2210703639,Niro,소형,4.92,2021.0,1.0,2021.01,2021-10-12T14:30:12+00:00,2021-12-08T23:13:32+00:00,2021.10.12 ~ 2021.12.08,1.26,40.0,12.31,100.0,0.0057,97.29,73.41,44.0,16.4,78.41,71.52,5.4,66.12
M2210703640,Niro,소형,4.92,2021.0,1.0,2021.01,2021-10-12T14:41:38+00:00,2021-12-08T23:54:58+00:00,2021.10.12 ~ 2021.12.08,1.89,40.0,13.86,100.0,0.0086,94.51,75.25,102.0,13.4,85.78,72.59,5.4,67.19
M2210703641,Niro,소형,4.92,2021.0,1.0,2021.01,2021-10-12T14:26:03+00:00,2021-12-08T23:24:54+00:00,2021.10.12 ~ 2021.12.08,3.2,40.0,12.73,100.0,0.0257,40.0,72.41,99.0,22.2,100.0,65.4,5.4,60.0
M2210703642,Niro,소형,4.92,2021.0,1.0,2021.01,2021-10-13T15:01:15+00:00,2021-12-08T23:41:50+00:00,2021.10.13 ~ 2021.12.08,1.42,40.0,18.02,100.0,0.0102,92.12,72.64,57.0,9.3,100.0,74.13,5.4,68.73
M2210703643,Niro,소형,4.92,2021.0,1.0,2021.01,2021-10-12T14:25:40+00:00,2021-12-08T23:26:27+00:00,2021.10.12 ~ 2021.12.08,2.17,40.0,19.24,100.0,0.0067,96.55,79.23,273.0,6.7,87.73,73.92,5.4,68.52
M2210703664,Niro,소형,4.92,2021.0,1.0,2021.01,2021-10-12T14:49:51+00:00,2021-11-22T10:55:45+00:00,2021.10.12 ~ 2021.11.22,0.09,40.0,22.16,100.0,0.0047,97.84,71.53,,,80.0,71.56,5.4,66.16
M2210703665,Niro,소형,4.92,2021.0,1.0,2021.01,2021-10-12T14:42:47+00:00,2021-12-08T22:59:30+00:00,2021.10.12 ~ 2021.12.08,0.54,40.0,16.59,100.0,0.0084,94.82,73.18,86.0,13.6,98.84,74.47,5.4,69.07
M2210703667,Niro,소형,4.92,2021.0,1.0,2021.01,2021-10-13T15:15:56+00:00,2021-10-13T15:15:56+00:00,2021.10.13 ~ 2021.10.13,,0.0,25.0,100.0,,99.33,80.0,,,80.0,59.89,5.4,54.49
M2210703668,Niro,소형,4.92,2021.0,1.0,2021.01,2021-10-12T14:32:18+00:00,2021-12-08T22:48:39+00:00,2021.10.12 ~ 2021.12.08,0.77,40.0,19.36,100.0,0.0068,96.44,76.11,337.0,8.0,97.03,74.93,5.4,69.53
M2210703681,Niro,소형,4.92,2021.0,1.0,2021.01,2021-10-13T14:41:32+00:00,2021-11-08T15:23:49+00:00,2021.10.13 ~ 2021.11.08,,0.0,23.34,100.0,0.0045,97.99,71.43,,,80.0,58.24,5.4,52.84
M2210703682,Niro,소형,4.92,2021.0,1.0,2021.01,2021-10-13T14:54:07+00:00,2021-12-08T23:46:11+00:00,2021.10.13 ~ 2021.12.08,1.24,40.0,13.04,100.0,0.0059,97.17,73.65,29.0,13.5,96.55,74.56,5.4,69.16
M2210703683,Niro,소형,4.92,2021.0,1.0,2021.01,2021-10-12T14:11:44+00:00,2021-12-08T22:48:49+00:00,2021.10.12 ~ 2021.12.08,0.98,40.0,18.01,100.0,0.0152,76.63,73.15,116.0,33.2,98.28,71.34,5.4,65.94
M2210703684,Niro,소형,4.92,2021.0,1.0,2021.01,2021-11-08T18:39:39+00:00,2021-12-08T23:12:49+00:00,2021.11.08 ~ 2021.12.08,1.01,40.0,14.4,100.0,0.0278,40.0,73.22,300.0,32.7,100.0,65.54,5.4,60.14
M2210703685,Niro,소형,4.92,2021.0,1.0,2021.01,2021-10-12T14:10:10+00:00,2021-12-08T22:59:38+00:00,2021.10.12 ~ 2021.12.08,1.05,40.0,19.23,100.0,0.0133,84.16,72.67,97.0,30.3,100.0,72.8,5.4,67.4
M2210703686,Niro,소형,4.92,2021.0,1.0,2021.01,2021-10-06T15:10:19+00:00,2021-12-08T23:22:23+00:00,2021.10.06 ~ 2021.12.08,0.87,40.0,18.05,100.0,0.0114,89.49,73.0,77.0,19.0,100.0,73.75,5.4,68.35
M2210703688,Niro,소형,4.92,2021.0,1.0,2021.01,2021-10-12T14:28:56+00:00,2021-12-08T23:48:49+00:00,2021.10.12 ~ 2021.12.08,0.88,40.0,15.51,100.0,0.0081,95.16,73.2,41.0,11.3,92.68,73.51,5.4,68.11
M2210703689,Niro,소형,4.92,2021.0,1.0,2021.01,2021-10-12T14:23:51+00:00,2021-12-08T23:11:14+00:00,2021.10.12 ~ 2021.12.08,1.17,40.0,15.38,100.0,0.0101,92.22,72.51,106.0,5.4,97.64,73.73,5.4,68.33
M2210703690,Niro,소형,4.92,2021.0,1.0,2021.01,2021-10-12T14:19:39+00:00,2021-10-18T20:05:32+00:00,2021.10.12 ~ 2021.10.18,5.0,62.7,26.51,100.0,0.0118,88.5,71.02,,,80.0,77.49,5.4,72.09
M2210703691,Niro,소형,4.92,2021.0,1.0,2021.01,2021-10-12T14:32:47+00:00,2021-12-08T23:27:43+00:00,2021.10.12 ~ 2021.12.08,1.07,40.0,15.0,100.0,0.0085,94.64,90.0,239.0,10.7,73.43,73.01,5.4,67.61
M2210703692,Niro,소형,4.92,2021.0,1.0,2021.01,2021-10-13T17:05:03+00:00,2021-12-08T23:20:04+00:00,2021.10.13 ~ 2021.12.08,2.14,40.0,16.33,100.0,0.0073,95.96,72.5,33.0,9.8,96.97,74.24,5.4,68.84
M2210703693,Niro,소형,4.92,2021.0,1.0,2021.01,2021-10-12T14:43:56+00:00,2021-12-08T23:43:55+00:00,2021.10.12 ~ 2021.12.08,3.68,45.14,20.45,100.0,0.0106,91.26,72.55,203.0,2.5,100.0,75.68,5.4,70.28
M2210703694,Niro,소형,4.92,2021.0,1.0,2021.01,2021-10-12T14:03:24+00:00,2021-12-08T23:15:17+00:00,2021.10.12 ~ 2021.12.08,1.72,40.0,16.35,100.0,0.0137,82.78,72.42,147.0,10.2,98.64,72.31,5.4,66.91
M2210703695,Niro,소형,4.92,2021.0,1.0,2021.01,2021-10-12T14:08:18+00:00,2021-11-22T10:30:51+00:00,2021.10.12 ~ 2021.11.22,0.49,40.0,20.19,100.0,0.0263,40.0,74.36,20.0,15.8,100.0,65.73,5.4,60.33
M2210703696,Niro,소형,4.92,2021.0,1.0,2021.01,2021-10-13T14:46:28+00:00,2021-12-08T22:47:39+00:00,2021.10.13 ~ 2021.12.08,0.94,40.0,17.38,100.0,0.0072,96.07,75.13,103.0,15.2,95.63,74.47,5.4,69.07
M2210703697,Niro,소형,4.92,2021.0,1.0,2021.01,2021-10-12T14:40:44+00:00,2021-10-30T19:26:18+00:00,2021.10.12 ~ 2021.10.30,0.24,40.0,17.44,100.0,0.0059,97.11,72.74,21.0,32.3,100.0,74.98,5.4,69.58
M2210703698,Niro,소형,4.92,2021.0,1.0,2021.01,2021-10-12T14:43:42+00:00,2021-12-08T23:54:14+00:00,2021.10.12 ~ 2021.12.08,2.02,40.0,12.0,100.0,0.0053,97.52,75.12,57.0,16.5,91.23,73.98,5.4,68.58
M2210703699,Niro,소형,4.92,2021.0,1.0,2021.01,2021-10-12T14:04:31+00:00,2021-12-08T23:50:05+00:00,2021.10.12 ~ 2021.12.08,0.83,40.0,13.55,100.0,0.0065,96.72,75.56,49.0,23.4,89.8,73.68,5.4,68.28
M2210703700,Niro,소형,4.92,2021.0,1.0,2021.01,2021-10-13T15:20:30+00:00,2021-12-06T13:27:32+00:00,2021.10.13 ~ 2021.12.06,3.56,43.45,21.05,100.0,0.0069,96.32,71.92,30.0,6.2,100.0,75.86,5.4,70.46
M2210703701,Niro,소형,4.92,2021.0,1.0,2021.01,2021-10-06T14:58:17+00:00,2021-12-08T23:09:19+00:00,2021.10.06 ~ 2021.12.08,0.9,40.0,19.12,100.0,0.0124,87.11,90.0,1016.0,18.5,94.54,75.28,5.4,69.88
M2210703702,Niro,소형,4.92,2021.0,1.0,2021.01,2021-10-13T14:22:21+00:00,2021-12-08T23:00:42+00:00,2021.10.13 ~ 2021.12.08,1.67,40.0,16.28,100.0,0.0106,91.2,72.86,158.0,2.6,97.78,73.64,5.4,68.24
M2210703703,Niro,소형,4.92,2021.0,1.0,2021.01,2021-10-06T15:06:53+00:00,2021-12-08T23:06:37+00:00,2021.10.06 ~ 2021.12.08,1.48,40.0,10.77,100.0,0.0071,96.19,75.24,141.0,12.8,94.33,74.29,5.4,68.89
M2210703705,Niro,소형,4.92,2021.0,1.0,2021.01,2021-10-13T14:23:57+00:00,2021-12-08T22:59:27+00:00,2021.10.13 ~ 2021.12.08,2.43,40.0,17.99,100.0,0.0162,72.25,73.65,196.0,4.3,97.45,70.56,5.4,65.16
M2210703706,Niro,소형,4.92,2021.0,1.0,2021.01,2021-10-06T15:11:22+00:00,2021-12-08T23:06:28+00:00,2021.10.06 ~ 2021.12.08,3.44,41.9,18.99,100.0,0.0124,87.08,72.54,239.0,2.5,97.91,73.55,5.4,68.15
M2210703733,Niro,소형,4.92,2021.0,1.0,2021.01,2021-10-06T15:05:30+00:00,2021-12-08T23:38:29+00:00,2021.10.06 ~ 2021.12.08,1.02,40.0,21.67,100.0,0.0159,73.67,79.24,958.0,17.1,84.81,69.62,5.4,64.22
M2210703734,Niro,소형,4.92,2021.0,1.0,2021.01,2021-10-06T15:07:10+00:00,2021-12-08T23:57:50+00:00,2021.10.06 ~ 2021.12.08,1.19,40.0,19.99,100.0,0.0082,95.03,82.83,1279.0,13.7,95.97,75.64,5.4,70.24
M2210703735,Niro,소형,4.92,2021.0,1.0,2021.01,2021-10-06T15:01:28+00:00,2021-12-08T23:46:11+00:00,2021.10.06 ~ 2021.12.08,0.87,40.0,18.83,100.0,0.0171,67.11,90.0,1923.0,22.7,87.99,70.85,5.4,65.45
M2210703736,Niro,소형,4.92,2021.0,1.0,2021.01,2021-10-06T15:09:26+00:00,2021-12-08T23:54:40+00:00,2021.10.06 ~ 2021.12.08,0.98,40.0,18.47,100.0,0.0093,93.54,90.0,581.0,16.0,94.49,76.34,5.4,70.94
M2210703737,Niro,소형,4.92,2021.0,1.0,2021.01,2021-10-06T15:07:47+00:00,2021-12-08T23:42:34+00:00,2021.10.06 ~ 2021.12.08,0.9,40.0,17.64,100.0,0.0089,94.07,90.0,555.0,7.6,91.62,75.95,5.4,70.55
M2210703738,Niro,소형,4.92,2021.0,1.0,2021.01,2021-10-13T13:37:33+00:00,2021-12-08T23:47:50+00:00,2021.10.13 ~ 2021.12.08,1.43,40.0,21.42,100.0,0.0072,96.05,90.0,276.0,9.6,83.7,74.96,5.4,69.56
M2210703739,Niro,소형,4.92,2021.0,1.0,2021.01,2021-10-12T14:01:19+00:00,2021-11-02T11:23:58+00:00,2021.10.12 ~ 2021.11.02,0.27,40.0,14.87,100.0,0.0093,93.6,77.04,212.0,28.1,84.43,72.51,5.4,67.11
M2210703740,Niro,소형,4.92,2021.0,1.0,2021.01,2021-10-13T14:29:50+00:00,2021-12-08T23:49:37+00:00,2021.10.13 ~ 2021.12.08,3.43,41.74,17.22,100.0,0.012,88.15,74.87,110.0,3.8,100.0,74.42,5.4,69.02
M2210703741,Niro,소형,4.92,2021.0,1.0,2021.01,2021-10-12T14:18:18+00:00,2021-12-08T23:44:25+00:00,2021.10.12 ~ 2021.12.08,2.24,40.0,13.22,100.0,0.0126,86.3,72.52,135.0,5.6,100.0,73.14,5.4,67.74
M2210703742,Niro,소형,4.92,2021.0,1.0,2021.01,2021-10-13T15:03:00+00:00,2021-12-08T22:47:12+00:00,2021.10.13 ~ 2021.12.08,1.39,40.0,12.19,100.0,0.0068,96.4,76.25,71.0,33.6,98.59,75.21,5.4,69.81
M2210703743,Niro,소형,4.92,2021.0,1.0,2021.01,2021-10-12T14:11:24+00:00,2021-12-08T23:29:12+00:00,2021.10.12 ~ 2021.12.08,3.21,40.0,17.0,100.0,0.0113,89.9,72.4,186.0,2.7,98.12,73.4,5.4,68.0
M2210703744,Niro,소형,4.92,2021.0,1.0,2021.01,2021-10-12T14:18:00+00:00,2021-12-06T18:21:10+00:00,2021.10.12 ~ 2021.12.06,2.23,40.0,20.67,100.0,0.0083,94.87,73.19,34.0,14.9,88.24,72.72,5.4,67.32
M2210703745,Niro,소형,4.92,2021.0,1.0,2021.01,2021-10-13T15:04:20+00:00,2021-12-08T23:46:10+00:00,2021.10.13 ~ 2021.12.08,3.49,42.62,16.11,100.0,0.0121,87.9,72.56,178.0,3.0,100.0,74.28,5.4,68.88
M2210703806,Niro,소형,4.92,2021.0,1.0,2021.01,2021-10-12T13:02:37+00:00,2021-12-08T23:56:15+00:00,2021.10.12 ~ 2021.12.08,1.12,40.0,20.37,100.0,0.008,95.2,78.14,102.0,15.1,86.76,73.35,5.4,67.95
M2210703807,Niro,소형,4.92,2021.0,1.0,2021.01,2021-10-12T14:44:06+00:00,2021-12-08T22:47:11+00:00,2021.10.12 ~ 2021.12.08,1.12,40.0,20.16,100.0,0.0072,96.12,90.0,286.0,11.3,86.19,75.39,5.4,69.99
M2210703808,Niro,소형,4.92,2021.0,1.0,2021.01,2021-10-06T15:05:31+00:00,2021-12-08T23:25:53+00:00,2021.10.06 ~ 2021.12.08,0.9,40.0,20.71,100.0,0.0066,96.58,90.0,304.0,15.1,84.21,75.13,5.4,69.73
M2210703809,Niro,소형,4.92,2021.0,1.0,2021.01,2021-10-06T15:04:04+00:00,2021-12-08T23:20:26+00:00,2021.10.06 ~ 2021.12.08,0.83,40.0,20.72,100.0,0.0062,96.93,90.0,314.0,15.3,80.89,74.64,5.4,69.24
M2210703810,Niro,소형,4.92,2021.0,1.0,2021.01,2021-10-06T15:04:13+00:00,2021-12-08T23:44:16+00:00,2021.10.06 ~ 2021.12.08,1.13,40.0,21.26,100.0,0.007,96.31,90.0,246.0,7.4,75.61,73.65,5.4,68.25
M2210703812,Niro,소형,4.92,2021.0,1.0,2021.01,2021-10-06T14:59:44+00:00,2021-12-08T22:45:15+00:00,2021.10.06 ~ 2021.12.08,0.94,40.0,18.59,100.0,0.0078,95.43,90.0,345.0,11.4,76.81,73.71,5.4,68.31
M2210703813,Niro,소형,4.92,2021.0,1.0,2021.01,2021-10-12T14:35:39+00:00,2021-12-08T17:57:23+00:00,2021.10.12 ~ 2021.12.08,1.39,40.0,16.63,100.0,0.0072,96.1,76.28,88.0,12.8,85.8,73.03,5.4,67.63
M2210703814,Niro,소형,4.92,2021.0,1.0,2021.01,2021-10-12T14:18:45+00:00,2021-11-24T14:45:33+00:00,2021.10.12 ~ 2021.11.24,0.61,40.0,18.03,100.0,0.0072,96.06,74.69,241.0,16.7,83.4,72.36,5.4,66.96
M2210703815,Niro,소형,4.92,2021.0,1.0,2021.01,2021-10-12T14:22:59+00:00,2021-12-08T23:24:20+00:00,2021.10.12 ~ 2021.12.08,0.78,40.0,17.49,100.0,0.0059,97.16,78.34,101.0,18.3,84.65,73.36,5.4,67.96
M2210703816,Niro,소형,4.92,2021.0,1.0,2021.01,2021-10-06T15:02:38+00:00,2021-12-08T23:02:23+00:00,2021.10.06 ~ 2021.12.08,0.71,40.0,16.04,100.0,0.0072,96.06,79.2,138.0,19.0,83.33,73.1,5.4,67.7
M2210703817,Niro,소형,4.92,2021.0,1.0,2021.01,2021-10-06T15:11:31+00:00,2021-12-08T23:54:35+00:00,2021.10.06 ~ 2021.12.08,0.65,40.0,17.02,100.0,0.0066,96.63,76.53,70.0,13.3,86.43,73.26,5.4,67.86
M2210703818,Niro,소형,4.92,2021.0,1.0,2021.01,2021-10-12T14:00:19+00:00,2021-12-08T23:19:33+00:00,2021.10.12 ~ 2021.12.08,1.06,40.0,20.64,100.0,0.0071,96.16,90.0,228.0,9.3,78.73,74.15,5.4,68.75
M2210703819,Niro,소형,4.92,2021.0,1.0,2021.01,2021-10-06T15:05:23+00:00,2021-12-08T23:53:44+00:00,2021.10.06 ~ 2021.12.08,1.08,40.0,16.21,100.0,0.0084,94.72,90.0,265.0,10.6,78.3,73.84,5.4,68.44
M2210703820,Niro,소형,4.92,2021.0,1.0,2021.01,2021-10-06T15:04:21+00:00,2021-11-22T10:30:01+00:00,2021.10.06 ~ 2021.11.22,0.71,40.0,22.87,100.0,0.0071,96.14,77.22,144.0,15.1,84.72,73.01,5.4,67.61
M2210703821,Niro,소형,4.92,2021.0,1.0,2021.01,2021-10-12T14:42:39+00:00,2021-12-08T22:55:05+00:00,2021.10.12 ~ 2021.12.08,0.68,40.0,19.31,100.0,0.0061,97.02,78.28,116.0,19.9,82.76,73.01,5.4,67.61
M2210703822,Niro,소형,4.92,2021.0,1.0,2021.01,2021-10-06T15:01:23+00:00,2021-12-08T23:57:04+00:00,2021.10.06 ~ 2021.12.08,1.14,40.0,18.76,100.0,0.0073,95.98,90.0,374.0,13.5,83.56,74.92,5.4,69.52
M2210703823,Niro,소형,4.92,2021.0,1.0,2021.01,2021-10-12T14:00:42+00:00,2021-12-08T23:24:42+00:00,2021.10.12 ~ 2021.12.08,0.68,40.0,17.95,100.0,0.0066,96.64,90.0,144.0,14.9,76.74,73.9,5.4,68.5
M2210703824,Niro,소형,4.92,2021.0,1.0,2021.01,2021-10-06T15:02:19+00:00,2021-12-08T22:46:41+00:00,2021.10.06 ~ 2021.12.08,1.6,40.0,17.01,100.0,0.007,96.25,90.0,277.0,8.9,87.18,75.57,5.4,70.17
M2210703825,Niro,소형,4.92,2021.0,1.0,2021.01,2021-10-06T15:03:26+00:00,2021-11-15T11:57:49+00:00,2021.10.06 ~ 2021.11.15,0.25,40.0,19.03,100.0,0.0081,95.11,75.15,140.0,13.1,79.64,71.65,5.4,66.25
M2210703826,Niro,소형,4.92,2021.0,1.0,2021.01,2021-10-12T14:10:41+00:00,2021-12-08T23:31:20+00:00,2021.10.12 ~ 2021.12.08,1.12,40.0,17.91,100.0,0.0069,96.4,90.0,258.0,7.7,82.95,74.89,5.4,69.49
M2210703827,Niro,소형,4.92,2021.0,1.0,2021.01,2021-10-13T14:11:39+00:00,2021-12-08T23:29:15+00:00,2021.10.13 ~ 2021.12.08,1.03,40.0,18.53,100.0,0.007,96.29,90.0,220.0,12.0,85.23,75.25,5.4,69.85
M2210703828,Niro,소형,4.92,2021.0,1.0,2021.01,2021-10-12T14:23:26+00:00,2021-12-08T22:57:12+00:00,2021.10.12 ~ 2021.12.08,1.46,40.0,18.64,100.0,0.0071,96.2,90.0,346.0,4.8,85.55,75.29,5.4,69.89
M2210703829,Niro,소형,4.92,2021.0,1.0,2021.01,2021-10-12T14:31:15+00:00,2021-12-08T23:01:00+00:00,2021.10.12 ~ 2021.12.08,1.18,40.0,18.48,100.0,0.007,96.29,90.0,237.0,7.9,69.62,72.65,5.4,67.25
M2210703830,Niro,소형,4.92,2021.0,1.0,2021.01,2021-10-12T14:18:20+00:00,2021-12-08T23:02:51+00:00,2021.10.12 ~ 2021.12.08,0.6,40.0,20.12,100.0,0.0064,96.75,90.0,123.0,12.3,82.11,74.81,5.4,69.41
M2210703831,Niro,소형,4.92,2021.0,1.0,2021.01,2021-10-06T15:02:16+00:00,2021-12-08T22:58:31+00:00,2021.10.06 ~ 2021.12.08,1.67,40.0,19.49,100.0,0.008,95.21,90.0,696.0,9.1,95.91,76.85,5.4,71.45
M2210703832,Niro,소형,4.92,2021.0,1.0,2021.01,2021-10-12T14:02:05+00:00,2021-12-08T23:47:49+00:00,2021.10.12 ~ 2021.12.08,1.08,40.0,17.39,100.0,0.0067,96.55,90.0,222.0,12.9,85.59,75.36,5.4,69.96
M2210703833,Niro,소형,4.92,2021.0,1.0,2021.01,2021-10-12T14:00:34+00:00,2021-12-08T23:06:24+00:00,2021.10.12 ~ 2021.12.08,0.91,40.0,16.5,100.0,0.0074,95.91,90.0,243.0,12.6,83.54,74.91,5.4,69.51
M2210703835,Niro,소형,4.92,2021.0,1.0,2021.01,2021-10-12T13:59:35+00:00,2021-12-08T23:04:59+00:00,2021.10.12 ~ 2021.12.08,0.81,40.0,16.21,100.0,0.0072,96.12,79.64,154.0,10.7,78.57,72.39,5.4,66.99
M2210703836,Niro,소형,4.92,2021.0,1.0,2021.01,2021-10-06T15:04:25+00:00,2021-10-19T11:14:47+00:00,2021.10.06 ~ 2021.10.19,0.19,40.0,23.06,100.0,0.007,96.29,72.54,11.0,17.3,90.91,73.29,5.4,67.89
M2210703838,Niro,소형,4.92,2021.0,1.0,2021.01,2021-10-06T15:02:17+00:00,2021-11-12T10:48:18+00:00,2021.10.06 ~ 2021.11.12,0.26,40.0,19.34,100.0,0.0068,96.44,71.01,173.0,13.9,81.5,71.49,5.4,66.09
M2210703839,Niro,소형,4.92,2021.0,1.0,2021.01,2021-10-13T09:50:53+00:00,2021-12-08T23:54:18+00:00,2021.10.13 ~ 2021.12.08,1.41,40.0,18.44,100.0,0.0076,95.64,90.0,283.0,8.0,79.15,74.13,5.4,68.73
M2210703840,Niro,소형,4.92,2021.0,1.0,2021.01,2021-10-06T14:59:00+00:00,2021-12-08T23:52:40+00:00,2021.10.06 ~ 2021.12.08,1.28,40.0,18.82,100.0,0.0068,96.4,90.0,439.0,13.8,86.79,75.53,5.4,70.13
M2210703865,Niro,소형,4.92,2021.0,1.0,2021.01,2021-10-12T14:02:03+00:00,2021-12-08T22:55:41+00:00,2021.10.12 ~ 2021.12.08,0.9,40.0,17.21,100.0,0.007,96.31,90.0,222.0,13.8,86.26,75.43,5.4,70.03
M2210703867,Niro,소형,4.92,2021.0,1.0,2021.01,2021-10-12T14:02:08+00:00,2021-12-08T23:56:28+00:00,2021.10.12 ~ 2021.12.08,0.95,40.0,19.5,100.0,0.0064,96.74,90.0,353.0,16.5,86.12,75.48,5.4,70.08
M2210703868,Niro,소형,4.92,2021.0,1.0,2021.01,2021-10-12T14:01:11+00:00,2021-12-08T20:59:50+00:00,2021.10.12 ~ 2021.12.08,0.85,40.0,20.17,100.0,0.007,96.29,90.0,243.0,11.5,80.86,74.53,5.4,69.13
M2210703869,Niro,소형,4.92,2021.0,1.0,2021.01,2021-10-06T14:59:35+00:00,2021-12-08T23:51:14+00:00,2021.10.06 ~ 2021.12.08,0.89,40.0,20.12,100.0,0.0064,96.76,90.0,234.0,17.1,87.39,75.69,5.4,70.29
M2210703870,Niro,소형,4.92,2021.0,1.0,2021.01,2021-10-06T14:59:25+00:00,2021-10-22T14:27:01+00:00,2021.10.06 ~ 2021.10.22,0.22,40.0,16.78,100.0,0.0082,95.06,75.53,30.0,14.4,78.33,71.49,5.4,66.09
M2210703871,Niro,소형,4.92,2021.0,1.0,2021.01,2021-10-06T14:58:44+00:00,2021-12-08T23:48:44+00:00,2021.10.06 ~ 2021.12.08,1.04,40.0,20.18,100.0,0.0085,94.63,90.0,504.0,21.4,89.98,75.77,5.4,70.37
M2210703872,Niro,소형,4.92,2021.0,1.0,2021.01,2021-10-06T15:07:54+00:00,2021-10-19T13:08:04+00:00,2021.10.06 ~ 2021.10.19,0.15,40.0,24.04,100.0,0.023,40.0,71.39,87.0,47.2,100.0,65.23,5.4,59.83
M2210703875,Niro,소형,4.92,2021.0,1.0,2021.01,2021-10-06T15:02:32+00:00,2021-12-08T23:44:43+00:00,2021.10.06 ~ 2021.12.08,1.21,40.0,14.36,100.0,0.0077,95.63,90.0,267.0,9.1,82.77,74.73,5.4,69.33
M2210703876,Niro,소형,4.92,2021.0,1.0,2021.01,2021-10-12T13:57:48+00:00,2021-12-08T22:54:03+00:00,2021.10.12 ~ 2021.12.08,1.08,40.0,15.72,100.0,0.0085,94.65,90.0,276.0,7.6,74.09,73.12,5.4,67.72
M2210703877,Niro,소형,4.92,2021.0,1.0,2021.01,2021-10-06T14:59:28+00:00,2021-12-08T23:44:03+00:00,2021.10.06 ~ 2021.12.08,1.03,40.0,16.5,100.0,0.0084,94.84,90.0,318.0,8.1,67.14,72.0,5.4,66.6
M2210703878,Niro,소형,4.92,2021.0,1.0,2021.01,2021-10-12T13:59:42+00:00,2021-12-08T23:28:38+00:00,2021.10.12 ~ 2021.12.08,1.22,40.0,16.16,100.0,0.0068,96.44,90.0,238.0,9.8,80.46,74.48,5.4,69.08
M2210703880,Niro,소형,4.92,2021.0,1.0,2021.01,2021-10-06T15:07:42+00:00,2021-12-08T22:52:38+00:00,2021.10.06 ~ 2021.12.08,1.18,40.0,19.92,100.0,0.007,96.26,90.0,197.0,8.8,78.43,74.11,5.4,68.71
M2210703881,Niro,소형,4.92,2021.0,1.0,2021.01,2021-10-06T14:59:31+00:00,2021-12-08T22:47:57+00:00,2021.10.06 ~ 2021.12.08,1.22,40.0,19.93,100.0,0.006,97.06,90.0,188.0,8.8,84.04,75.18,5.4,69.78
M2210703882,Niro,소형,4.92,2021.0,1.0,2021.01,2021-10-06T14:49:44+00:00,2021-11-10T09:43:38+00:00,2021.10.06 ~ 2021.11.10,0.21,40.0,21.9,100.0,0.0075,95.84,81.83,81.0,27.9,87.65,74.22,5.4,68.82
M2210703883,Niro,소형,4.92,2021.0,1.0,2021.01,2021-10-06T14:59:20+00:00,2021-12-08T22:48:08+00:00,2021.10.06 ~ 2021.12.08,1.03,40.0,20.35,100.0,0.0073,96.04,90.0,185.0,10.9,81.08,74.52,5.4,69.12
M2210703884,Niro,소형,4.92,2021.0,1.0,2021.01,2021-10-06T15:13:02+00:00,2021-12-08T23:49:27+00:00,2021.10.06 ~ 2021.12.08,1.66,40.0,17.54,100.0,0.0071,96.18,90.0,264.0,9.5,75.19,73.56,5.4,68.16
M2210703885,Niro,소형,4.92,2021.0,1.0,2021.01,2021-10-12T14:01:09+00:00,2021-12-08T23:37:19+00:00,2021.10.12 ~ 2021.12.08,0.82,40.0,15.17,100.0,0.0064,96.74,90.0,271.0,14.7,81.92,74.78,5.4,69.38
M2210703886,Niro,소형,4.92,2021.0,1.0,2021.01,2021-10-05T15:51:01+00:00,2021-12-08T22:49:31+00:00,2021.10.05 ~ 2021.12.08,1.25,40.0,15.89,100.0,0.0082,95.01,90.0,260.0,5.8,70.96,72.66,5.4,67.26
M2210703887,Niro,소형,4.92,2021.0,1.0,2021.01,2021-10-12T14:02:14+00:00,2021-12-08T22:56:52+00:00,2021.10.12 ~ 2021.12.08,1.39,40.0,16.59,100.0,0.0088,94.26,90.0,293.0,8.2,74.06,73.05,5.4,67.65
M2210703888,Niro,소형,4.92,2021.0,1.0,2021.01,2021-10-12T14:01:22+00:00,2021-11-22T09:29:43+00:00,2021.10.12 ~ 2021.11.22,0.48,40.0,16.46,100.0,0.0072,96.04,90.0,159.0,13.8,75.47,73.58,5.4,68.18
M2210703889,Niro,소형,4.92,2021.0,1.0,2021.01,2021-10-13T14:52:29+00:00,2021-12-08T23:08:54+00:00,2021.10.13 ~ 2021.12.08,1.1,40.0,19.01,100.0,0.0076,95.68,90.0,301.0,13.0,79.73,74.24,5.4,68.84
M2210703890,Niro,소형,4.92,2021.0,1.0,2021.01,2021-10-06T15:00:16+00:00,2021-12-08T23:28:02+00:00,2021.10.06 ~ 2021.12.08,1.03,40.0,19.8,100.0,0.0066,96.58,90.0,276.0,13.8,83.33,74.99,5.4,69.59
M2210703891,Niro,소형,4.92,2021.0,1.0,2021.01,2021-10-06T14:58:52+00:00,2021-11-09T11:08:09+00:00,2021.10.06 ~ 2021.11.09,0.24,40.0,18.57,100.0,0.0071,96.2,74.95,104.0,17.6,84.13,72.55,5.4,67.15
M2210703892,Niro,소형,4.92,2021.0,1.0,2021.01,2021-10-06T15:03:27+00:00,2021-12-08T23:28:56+00:00,2021.10.06 ~ 2021.12.08,1.31,40.0,16.5,100.0,0.0085,94.6,90.0,356.0,14.0,79.21,73.97,5.4,68.57
M2210703893,Niro,소형,4.92,2021.0,1.0,2021.01,2021-10-06T15:09:37+00:00,2021-12-08T23:51:33+00:00,2021.10.06 ~ 2021.12.08,1.32,40.0,19.55,100.0,0.0067,96.54,90.0,204.0,11.0,83.82,75.06,5.4,69.66
M2210703894,Niro,소형,4.92,2021.0,1.0,2021.01,2021-10-06T15:01:05+00:00,2021-12-08T23:57:41+00:00,2021.10.06 ~ 2021.12.08,1.06,40.0,19.73,100.0,0.0076,95.73,90.0,209.0,13.8,85.41,75.19,5.4,69.79
M2210703895,Niro,소형,4.92,2021.0,1.0,2021.01,2021-10-12T14:00:49+00:00,2021-12-08T23:09:59+00:00,2021.10.12 ~ 2021.12.08,1.41,40.0,17.23,100.0,0.0069,96.34,90.0,256.0,9.9,84.18,75.09,5.4,69.69
M2210703896,Niro,소형,4.92,2021.0,1.0,2021.01,2021-10-06T14:59:39+00:00,2021-12-08T22:51:39+00:00,2021.10.06 ~ 2021.12.08,1.05,40.0,17.49,100.0,0.0074,95.92,90.0,292.0,12.5,74.14,73.34,5.4,67.94
M2210703897,Niro,소형,4.92,2021.0,1.0,2021.01,2021-10-13T15:03:47+00:00,2021-12-08T23:13:45+00:00,2021.10.13 ~ 2021.12.08,1.17,40.0,17.92,100.0,0.0084,94.73,90.0,247.0,8.8,70.24,72.5,5.4,67.1
M2210703898,Niro,소형,4.92,2021.0,1.0,2021.01,2021-10-12T14:00:26+00:00,2021-12-08T23:49:51+00:00,2021.10.12 ~ 2021.12.08,1.15,40.0,19.57,100.0,0.0073,95.95,90.0,300.0,9.6,74.5,73.41,5.4,68.01
M2210703899,Niro,소형,4.92,2021.0,1.0,2021.01,2021-10-12T13:03:38+00:00,2021-12-08T23:22:49+00:00,2021.10.12 ~ 2021.12.08,1.2,40.0,19.47,100.0,0.0068,96.48,90.0,256.0,9.7,73.83,73.39,5.4,67.99
M2210703900,Niro,소형,4.92,2021.0,1.0,2021.01,2021-10-06T15:01:04+00:00,2021-12-08T22:57:12+00:00,2021.10.06 ~ 2021.12.08,0.88,40.0,15.06,100.0,0.0073,96.02,90.0,284.0,12.4,79.93,74.33,5.4,68.93
M2210703901,Niro,소형,4.92,2021.0,1.0,2021.01,2021-10-06T15:05:26+00:00,2021-10-13T20:19:52+00:00,2021.10.06 ~ 2021.10.13,0.2,40.0,27.01,100.0,0.0052,97.59,75.64,2.0,20.8,100.0,75.54,5.4,70.14
M2210703902,Niro,소형,4.92,2021.0,1.0,2021.01,2021-10-06T15:05:04+00:00,2021-12-08T22:59:47+00:00,2021.10.06 ~ 2021.12.08,0.97,40.0,15.34,100.0,0.0082,95.06,90.0,303.0,11.4,71.29,72.72,5.4,67.32
M2210703903,Niro,소형,4.92,2021.0,1.0,2021.01,2021-10-06T15:04:01+00:00,2021-12-08T23:03:52+00:00,2021.10.06 ~ 2021.12.08,1.17,40.0,22.0,100.0,0.0082,94.98,90.0,424.0,9.0,79.13,74.02,5.4,68.62
M2210703904,Niro,소형,4.92,2021.0,1.0,2021.01,2021-10-12T14:20:53+00:00,2021-12-08T23:52:35+00:00,2021.10.12 ~ 2021.12.08,1.09,40.0,15.46,100.0,0.0081,95.16,90.0,264.0,12.0,77.27,73.74,5.4,68.34
M2210703905,Niro,소형,4.92,2021.0,1.0,2021.01,2021-10-06T15:08:28+00:00,2021-12-08T23:12:42+00:00,2021.10.06 ~ 2021.12.08,1.05,40.0,16.74,100.0,0.0066,96.58,90.0,165.0,12.7,88.79,75.9,5.4,70.5
M2210703906,Niro,소형,4.92,2021.0,1.0,2021.01,2021-10-13T15:06:09+00:00,2021-12-08T22:46:00+00:00,2021.10.13 ~ 2021.12.08,1.38,40.0,15.82,100.0,0.0075,95.84,90.0,134.0,6.2,79.48,74.22,5.4,68.82
M2210703907,Niro,소형,4.92,2021.0,1.0,2021.01,2021-10-06T14:59:41+00:00,2021-12-08T23:14:23+00:00,2021.10.06 ~ 2021.12.08,1.16,40.0,20.59,100.0,0.0072,96.06,90.0,310.0,6.8,75.0,73.51,5.4,68.11
M2210703908,Niro,소형,4.92,2021.0,1.0,2021.01,2021-10-13T14:36:31+00:00,2021-12-08T20:26:41+00:00,2021.10.13 ~ 2021.12.08,1.32,40.0,16.1,100.0,0.0096,93.14,90.0,287.0,7.6,73.34,72.75,5.4,67.35
M2210703909,Niro,소형,4.92,2021.0,1.0,2021.01,2021-10-06T14:59:45+00:00,2021-10-15T10:20:02+00:00,2021.10.06 ~ 2021.10.15,0.2,40.0,22.68,100.0,0.0072,96.09,90.0,11.0,10.9,63.64,71.62,5.4,66.22
M2210703910,Niro,소형,4.92,2021.0,1.0,2021.01,2021-10-06T15:06:14+00:00,2021-11-02T12:42:28+00:00,2021.10.06 ~ 2021.11.02,0.21,40.0,19.12,100.0,0.0075,95.83,77.77,63.0,21.0,90.48,74.01,5.4,68.61
M2210703949,Niro,소형,4.92,2021.0,1.0,2021.01,2021-10-06T15:09:27+00:00,2021-12-08T23:33:20+00:00,2021.10.06 ~ 2021.12.08,1.06,40.0,15.9,100.0,0.0067,96.54,90.0,173.0,12.2,85.55,75.35,5.4,69.95
M2210703950,Niro,소형,4.92,2021.0,1.0,2021.01,2021-10-06T14:59:34+00:00,2021-12-08T23:42:17+00:00,2021.10.06 ~ 2021.12.08,0.76,40.0,16.78,100.0,0.0082,94.98,90.0,209.0,15.0,85.89,75.14,5.4,69.74
M2210703951,Niro,소형,4.92,2021.0,1.0,2021.01,2021-11-17T10:22:21+00:00,2021-12-08T23:19:06+00:00,2021.11.17 ~ 2021.12.08,0.3,40.0,11.27,100.0,0.0084,94.84,90.0,76.0,15.8,82.24,74.51,5.4,69.11
M2210703952,Niro,소형,4.92,2021.0,1.0,2021.01,2021-10-06T14:59:51+00:00,2021-12-08T23:17:49+00:00,2021.10.06 ~ 2021.12.08,1.37,40.0,20.21,100.0,0.0068,96.47,90.0,409.0,6.3,91.69,76.36,5.4,70.96
M2210703953,Niro,소형,4.92,2021.0,1.0,2021.01,2021-10-12T14:41:59+00:00,2021-12-08T23:15:03+00:00,2021.10.12 ~ 2021.12.08,1.32,40.0,19.73,100.0,0.0064,96.78,90.0,328.0,8.0,90.09,76.15,5.4,70.75
M2210703954,Niro,소형,4.92,2021.0,1.0,2021.01,2021-10-06T14:59:26+00:00,2021-12-08T23:09:06+00:00,2021.10.06 ~ 2021.12.08,0.98,40.0,19.56,100.0,0.007,96.3,90.0,237.0,16.5,87.13,75.57,5.4,70.17
M2210703955,Niro,소형,4.92,2021.0,1.0,2021.01,2021-10-12T14:01:58+00:00,2021-12-08T23:17:21+00:00,2021.10.12 ~ 2021.12.08,0.86,40.0,18.62,100.0,0.0065,96.67,90.0,193.0,14.2,86.01,75.45,5.4,70.05
M2210703956,Niro,소형,4.92,2021.0,1.0,2021.01,2021-10-06T14:59:20+00:00,2021-11-06T15:29:47+00:00,2021.10.06 ~ 2021.11.06,0.24,40.0,18.94,100.0,0.0063,96.87,79.12,97.0,13.9,73.2,71.53,5.4,66.13
M2210703957,Niro,소형,4.92,2021.0,1.0,2021.01,2021-10-06T15:01:33+00:00,2021-12-08T23:31:40+00:00,2021.10.06 ~ 2021.12.08,1.15,40.0,19.58,100.0,0.0083,94.96,90.0,377.0,12.1,80.37,74.22,5.4,68.82
M2210703958,Niro,소형,4.92,2021.0,1.0,2021.01,2021-10-12T14:01:24+00:00,2021-12-08T23:32:12+00:00,2021.10.12 ~ 2021.12.08,1.36,40.0,19.07,100.0,0.0078,95.51,90.0,282.0,10.0,81.38,74.48,5.4,69.08
M2210703959,Niro,소형,4.92,2021.0,1.0,2021.01,2021-10-06T15:10:25+00:00,2021-12-08T23:43:56+00:00,2021.10.06 ~ 2021.12.08,1.08,40.0,18.42,100.0,0.007,96.24,90.0,248.0,10.2,72.78,73.17,5.4,67.77
M2210703960,Niro,소형,4.92,2021.0,1.0,2021.01,2021-10-06T15:11:07+00:00,2021-12-08T23:07:35+00:00,2021.10.06 ~ 2021.12.08,0.99,40.0,20.2,100.0,0.0057,97.26,90.0,337.0,18.2,86.5,75.63,5.4,70.23
M2210703961,Niro,소형,4.92,2021.0,1.0,2021.01,2021-10-12T14:00:36+00:00,2021-12-08T23:48:38+00:00,2021.10.12 ~ 2021.12.08,1.13,40.0,16.75,100.0,0.0069,96.33,90.0,262.0,12.8,81.11,74.57,5.4,69.17
M2210703962,Niro,소형,4.92,2021.0,1.0,2021.01,2021-10-06T15:09:07+00:00,2021-12-08T23:55:57+00:00,2021.10.06 ~ 2021.12.08,1.09,40.0,16.14,100.0,0.0069,96.4,90.0,270.0,10.4,75.37,73.63,5.4,68.23
M2210703963,Niro,소형,4.92,2021.0,1.0,2021.01,2021-10-12T14:03:48+00:00,2021-12-08T23:09:06+00:00,2021.10.12 ~ 2021.12.08,1.09,40.0,16.24,100.0,0.0095,93.3,90.0,401.0,24.4,86.03,74.89,5.4,69.49
M2210703964,Niro,소형,4.92,2021.0,1.0,2021.01,2021-10-12T14:02:04+00:00,2021-11-17T14:02:52+00:00,2021.10.12 ~ 2021.11.17,0.24,40.0,16.75,100.0,0.0066,96.58,82.78,109.0,24.9,82.57,73.65,5.4,68.25
M2210703965,Niro,소형,4.92,2021.0,1.0,2021.01,2021-10-06T15:04:19+00:00,2021-12-08T22:54:34+00:00,2021.10.06 ~ 2021.12.08,0.99,40.0,17.82,100.0,0.0088,94.22,90.0,293.0,21.5,91.98,76.03,5.4,70.63
M2210703966,Niro,소형,4.92,2021.0,1.0,2021.01,2021-10-12T14:40:21+00:00,2021-12-08T23:51:39+00:00,2021.10.12 ~ 2021.12.08,1.12,40.0,17.54,100.0,0.0079,95.34,90.0,339.0,12.1,85.1,75.07,5.4,69.67
M2210703967,Niro,소형,4.92,2021.0,1.0,2021.01,2021-10-06T15:08:12+00:00,2021-12-08T23:34:01+00:00,2021.10.06 ~ 2021.12.08,0.87,40.0,22.14,100.0,0.0067,96.52,90.0,392.0,12.8,83.29,74.97,5.4,69.57
M2210703968,Niro,소형,4.92,2021.0,1.0,2021.01,2021-10-06T15:06:03+00:00,2021-12-08T23:31:48+00:00,2021.10.06 ~ 2021.12.08,1.08,40.0,17.22,100.0,0.0078,95.52,90.0,278.0,10.6,78.42,73.99,5.4,68.59
M2210703969,Niro,소형,4.92,2021.0,1.0,2021.01,2021-10-12T13:59:34+00:00,2021-12-08T23:26:45+00:00,2021.10.12 ~ 2021.12.08,1.11,40.0,17.4,100.0,0.0076,95.71,90.0,275.0,9.7,80.91,74.44,5.4,69.04
M2210703976,Niro,소형,4.92,2021.0,1.0,2021.01,2021-11-17T16:14:09+00:00,2021-12-08T13:56:25+00:00,2021.11.17 ~ 2021.12.08,,0.0,22.94,100.0,0.0155,75.48,90.0,3.0,16.8,83.33,58.14,5.4,52.74
M2210703996,Niro,소형,4.92,2021.0,1.0,2021.01,2021-11-09T18:02:50+00:00,2021-12-08T23:21:46+00:00,2021.11.09 ~ 2021.12.08,0.37,40.0,15.74,100.0,0.0093,93.5,90.0,63.0,13.0,91.27,75.8,5.4,70.4
M2210704000,Niro,소형,4.92,2021.0,1.0,2021.01,2021-10-06T14:59:25+00:00,2021-12-08T23:52:17+00:00,2021.10.06 ~ 2021.12.08,1.44,40.0,20.69,100.0,0.0074,95.88,90.0,443.0,10.7,80.02,74.32,5.4,68.92
M2210704121,Niro,소형,4.92,2021.0,1.0,2021.01,2021-12-08T15:38:55+00:00,2021-12-08T23:05:59+00:00,2021.12.08 ~ 2021.12.08,2.97,40.0,13.22,100.0,0.0065,96.68,90.0,3.0,4.2,50.0,69.45,5.4,64.05
M2210704122,Niro,소형,4.92,2021.0,1.0,2021.01,2021-12-01T08:20:32+00:00,2021-12-08T23:48:02+00:00,2021.12.01 ~ 2021.12.08,2.58,40.0,11.4,100.0,0.0084,94.82,90.0,63.0,7.7,93.65,76.41,5.4,71.01
M2210704123,Niro,소형,4.92,2021.0,1.0,2021.01,2021-11-30T16:02:06+00:00,2021-12-08T21:14:24+00:00,2021.11.30 ~ 2021.12.08,2.17,40.0,11.72,100.0,0.0062,96.94,90.0,18.0,2.8,77.78,74.12,5.4,68.72
M2210704124,Niro,소형,4.92,2021.0,1.0,2021.01,2021-11-29T15:21:46+00:00,2021-12-08T22:50:28+00:00,2021.11.29 ~ 2021.12.08,2.44,40.0,14.12,100.0,0.0088,94.28,90.0,23.0,8.6,86.96,75.21,5.4,69.81
M2210704125,Niro,소형,4.92,2021.0,1.0,2021.01,2021-11-29T10:40:31+00:00,2021-12-08T19:24:16+00:00,2021.11.29 ~ 2021.12.08,2.34,40.0,12.65,100.0,0.0063,96.85,100.0,49.0,2.8,82.65,76.58,5.4,71.18
M2210704126,Niro,소형,4.92,2021.0,1.0,2021.01,2021-12-01T13:51:09+00:00,2021-12-08T23:52:12+00:00,2021.12.01 ~ 2021.12.08,2.51,40.0,12.1,100.0,0.0102,92.05,90.0,41.0,4.9,100.0,77.01,5.4,71.61
M2210704127,Niro,소형,4.92,2021.0,1.0,2021.01,1980-01-06T00:00:37+00:00,2021-12-05T18:12:26+00:00,1980.01.06 ~ 2021.12.05,2.03,40.0,15.38,100.0,0.0093,93.5,90.0,3.0,2.8,50.0,68.92,5.4,63.52
M2210704128,Niro,소형,4.92,2021.0,1.0,2021.01,2021-11-29T15:06:58+00:00,2021-12-08T23:51:23+00:00,2021.11.29 ~ 2021.12.08,2.66,40.0,13.08,100.0,0.0063,96.87,90.0,17.0,7.7,97.06,77.32,5.4,71.92
M2210704129,Niro,소형,4.92,2021.0,1.0,2021.01,2021-12-01T11:29:35+00:00,2021-12-08T23:50:53+00:00,2021.12.01 ~ 2021.12.08,3.21,40.0,17.0,100.0,0.0109,90.72,90.0,158.0,2.8,89.24,74.99,5.4,69.59
M2210704130,Niro,소형,4.92,2021.0,1.0,2021.01,2021-11-22T17:09:02+00:00,2021-12-08T22:22:28+00:00,2021.11.22 ~ 2021.12.08,2.5,40.0,12.76,100.0,0.0104,91.64,90.0,125.0,0.7,92.4,75.67,5.4,70.27
M2210704131,Niro,소형,4.92,2021.0,1.0,2021.01,2021-12-01T10:48:15+00:00,2021-12-08T23:41:55+00:00,2021.12.01 ~ 2021.12.08,2.94,40.0,12.18,100.0,0.0081,95.13,90.0,15.0,5.2,86.67,75.3,5.4,69.9
M2210704132,Niro,소형,4.92,2021.0,1.0,2021.01,2021-11-29T18:39:16+00:00,2021-12-08T23:22:06+00:00,2021.11.29 ~ 2021.12.08,1.21,40.0,19.37,100.0,0.4835,40.0,80.0,526.0,52.9,96.86,66.14,5.4,60.74
M2210704133,Niro,소형,4.92,2021.0,1.0,2021.01,2021-12-03T15:10:51+00:00,2021-12-08T22:57:54+00:00,2021.12.03 ~ 2021.12.08,2.64,40.0,13.55,100.0,0.0089,94.1,90.0,19.0,5.0,57.89,70.33,5.4,64.93
M2210704134,Niro,소형,4.92,2021.0,1.0,2021.01,2021-12-02T17:19:47+00:00,2021-12-08T23:50:21+00:00,2021.12.02 ~ 2021.12.08,2.57,40.0,12.66,100.0,0.0134,84.0,90.0,122.0,1.5,99.18,75.53,5.4,70.13
M2210704136,Niro,소형,4.92,2021.0,1.0,2021.01,2021-12-08T14:07:06+00:00,2021-12-08T23:52:47+00:00,2021.12.08 ~ 2021.12.08,1.95,40.0,11.07,100.0,0.0054,97.47,90.0,2.0,0.5,50.0,69.58,5.4,64.18
M2210704137,Niro,소형,4.92,2021.0,1.0,2021.01,2021-11-30T16:26:23+00:00,2021-12-08T23:47:25+00:00,2021.11.30 ~ 2021.12.08,1.83,40.0,6.83,100.0,0.0329,40.0,90.0,147.0,17.4,97.28,67.88,5.4,62.48
M2211120045,Niro,소형,4.92,2021.0,1.0,2021.01,2021-11-10T13:33:19+00:00,2021-11-10T13:37:42+00:00,2021.11.10 ~ 2021.11.10,,0.0,20.82,100.0,,99.33,72.86,,,80.0,58.7,5.4,53.3
