client_id,car_type,model_year,model_month
M2210703644,EV6,2021,01
M2210703645,EV6,2021,01
M2210703646,EV6,2021,01
M2210703647,EV6,2021,01
M2210703648,EV6,2021,01
M2210703650,EV6,2021,01
M2210703652,EV6,2021,01
M2210703653,EV6,2021,01
M2210703654,EV6,2021,01
M2210703655,EV6,2021,01
M2210703657,EV6,2021,01
M2210703658,EV6,2021,01
M2210703660,EV6,2021,01
M2210703663,EV6,2021,01
M2210703669,EV6,2021,01
M2210703670,EV6,2021,01
M2210703671,EV6,2021,01
M2210703672,EV6,2021,01
M2210703673,EV6,2021,01
M2210703707,EV6,2021,01
M2210703708,EV6,2021,01
M2210703709,EV6,2021,01
M2210703710,EV6,2021,01
M2210703711,EV6,2021,01
M2210703712,EV6,2021,01
M2210703713,EV6,2021,01
M2210703714,EV6,2021,01
M2210703715,EV6,2021,01
M2210703716,EV6,2021,01
M2210703717,EV6,2021,01
M2210703718,EV6,2021,01
M2210703719,EV6,2021,01
M2210703720,EV6,2021,01
M2210703721,EV6,2021,01
M2210703722,EV6,2021,01
M2210703723,EV6,2021,01
M2210703724,EV6,2021,01
M2210703725,EV6,2021,01
M2210703726,EV6,2021,01
M2210703727,EV6,2021,01
M2210703728,EV6,2021,01
M2210703729,EV6,2021,01
M2210703730,EV6,2021,01
M2210703731,EV6,2021,01
M2210703746,EV6,2021,01
M2210703747,EV6,2021,01
M2210703748,EV6,2021,01
M2210703749,EV6,2021,01
M2210703750,EV6,2021,01
M2210703751,EV6,2021,01
M2210703752,EV6,2021,01
M2210703753,EV6,2021,01
M2210703754,EV6,2021,01
M2210703755,EV6,2021,01
M2210703791,EV6,2021,01
M2210703792,EV6,2021,01
M2210703842,EV6,2021,01
M2210703844,EV6,2021,01
M2210703845,EV6,2021,01
M2210703846,EV6,2021,01
M2210703847,EV6,2021,01
M2210703848,EV6,2021,01
M2210703849,EV6,2021,01
M2210703971,EV6,2021,01
M2210703972,EV6,2021,01
M2210703974,EV6,2021,01
M2210703975,EV6,2021,01
M2210703977,EV6,2021,01
M2210703978,EV6,2021,01
M2210703979,EV6,2021,01
M2210703980,EV6,2021,01
M2210703981,EV6,2021,01
M2210703982,EV6,2021,01
M2210703983,EV6,2021,01
M2210703984,EV6,2021,01
M2210703985,EV6,2021,01
M2210703986,EV6,2021,01
M2210703987,EV6,2021,01
M2210703988,EV6,2021,01
M2210703989,EV6,2021,01
M2210703990,EV6,2021,01
M2210703991,EV6,2021,01
M2210703992,EV6,2021,01
M2210703993,EV6,2021,01
M2210703994,EV6,2021,01
M2210703995,EV6,2021,01
M2210703997,EV6,2021,01
M2210703998,EV6,2021,01
M2210703999,EV6,2021,01
M2210704008,EV6,2021,01
M2210704012,EV6,2021,01
M2210704014,EV6,2021,01
M2210704016,EV6,2021,01
M2210704017,EV6,2021,01
M2210704019,EV6,2021,01
M2210704023,EV6,2021,01
M2210704024,EV6,2021,01
M2210704025,EV6,2021,01
M2210704026,EV6,2021,01
M2210704028,EV6,2021,01
M2210704029,EV6,2021,01
M2210704031,EV6,2021,01
M2210704032,EV6,2021,01
M2210704034,EV6,2021,01
M2210704040,EV6,2021,01
M2210704041,EV6,2021,01
M2210704043,EV6,2021,01
M2210704044,EV6,2021,01
M2210704045,EV6,2021,01
M2210704046,EV6,2021,01
M2210704047,EV6,2021,01
M2210704048,EV6,2021,01
M2210704049,EV6,2021,01
M2210704051,EV6,2021,01
M2210704052,EV6,2021,01
M2210704053,EV6,2021,01
M2210704058,EV6,2021,01
M2210704059,EV6,2021,01
M2210704060,EV6,2021,01
M2210704061,EV6,2021,01
M2210704062,EV6,2021,01
M2210704065,EV6,2021,01
M2210704071,EV6,2021,01
M2210704072,EV6,2021,01
M2210704073,EV6,2021,01
M2210704074,EV6,2021,01
M2210704075,EV6,2021,01
M2210704076,EV6,2021,01
M2210704077,EV6,2021,01
M2210704078,EV6,2021,01
M2210704081,EV6,2021,01
M2210704082,EV6,2021,01
M2210704083,EV6,2021,01
M2210704084,EV6,2021,01
M2210704085,EV6,2021,01
M2210704086,EV6,2021,01
M2210704087,EV6,2021,01
M2210704089,EV6,2021,01
M2210704090,EV6,2021,01
M2210704092,EV6,2021,01
M2210704095,EV6,2021,01
M2210704096,EV6,2021,01
M2210704097,EV6,2021,01
M2210704098,EV6,2021,01
M2210704099,EV6,2021,01
M2210704100,EV6,2021,01
M2211120046,EV6,2021,01
M2210703802,G80e,2021,01
M2210703864,G80e,2021,01
M2210703932,G80e,2021,01
M2210703934,G80e,2021,01
M2210703935,G80e,2021,01
M2210703936,G80e,2021,01
M2210703938,G80e,2021,01
M2210703939,G80e,2021,01
M2210703944,G80e,2021,01
M2210703945,G80e,2021,01
M2210703946,G80e,2021,01
M2210703947,G80e,2021,01
M2210703948,G80e,2021,01
M2210704056,Hanshin_plus,2021,01
M1200607258,IONIQ5,2021,01
M1200607261,IONIQ5,2021,01
M1200607264,IONIQ5,2021,01
M1200607265,IONIQ5,2021,01
M1200607270,IONIQ5,2021,01
M1200607271,IONIQ5,2021,01
M1200607273,IONIQ5,2021,01
M1200607277,IONIQ5,2021,01
M1200607278,IONIQ5,2021,01
M1200607279,IONIQ5,2021,01
M1200607281,IONIQ5,2021,01
M1200607282,IONIQ5,2021,01
M1200607286,IONIQ5,2021,01
M1200607293,IONIQ5,2021,01
M1200607294,IONIQ5,2021,01
M1200607295,IONIQ5,2021,01
M1200607297,IONIQ5,2021,01
M1200607298,IONIQ5,2021,01
M1200607300,IONIQ5,2021,01
M1200607302,IONIQ5,2021,01
M1200607303,IONIQ5,2021,01
M1200607304,IONIQ5,2021,01
M1200607305,IONIQ5,2021,01
M1200607306,IONIQ5,2021,01
M1200607307,IONIQ5,2021,01
M1200607311,IONIQ5,2021,01
M1200607313,IONIQ5,2021,01
M1200607317,IONIQ5,2021,01
M1200607319,IONIQ5,2021,01
M1200607320,IONIQ5,2021,01
M1200607321,IONIQ5,2021,01
M1200607322,IONIQ5,2021,01
M1200607323,IONIQ5,2021,01
M1200607326,IONIQ5,2021,01
M1200607327,IONIQ5,2021,01
M1200607328,IONIQ5,2021,01
M1200607329,IONIQ5,2021,01
M1200607330,IONIQ5,2021,01
M1200607331,IONIQ5,2021,01
M1200607332,IONIQ5,2021,01
M1200607333,IONIQ5,2021,01
M1200607334,IONIQ5,2021,01
M1200607337,IONIQ5,2021,01
M1200607338,IONIQ5,2021,01
M1200607340,IONIQ5,2021,01
M1200607342,IONIQ5,2021,01
M1200607343,IONIQ5,2021,01
M1200607344,IONIQ5,2021,01
M1200607345,IONIQ5,2021,01
M1200607346,IONIQ5,2021,01
M1200607347,IONIQ5,2021,01
M1200607348,IONIQ5,2021,01
M1200607349,IONIQ5,2021,01
M1200607350,IONIQ5,2021,01
M1200607352,IONIQ5,2021,01
M1200607353,IONIQ5,2021,01
M1200607354,IONIQ5,2021,01
M1200607355,IONIQ5,2021,01
M1200607358,IONIQ5,2021,01
M1200607359,IONIQ5,2021,01
M1200607360,IONIQ5,2021,01
M1200607361,IONIQ5,2021,01
M1200607362,IONIQ5,2021,01
M1200607363,IONIQ5,2021,01
M1200607364,IONIQ5,2021,01
M1200607365,IONIQ5,2021,01
M1200607367,IONIQ5,2021,01
M1200607368,IONIQ5,2021,01
M1200607369,IONIQ5,2021,01
M1200607370,IONIQ5,2021,01
M1200607372,IONIQ5,2021,01
M1200607373,IONIQ5,2021,01
M1200607374,IONIQ5,2021,01
M1200607375,IONIQ5,2021,01
M1200607376,IONIQ5,2021,01
M1200607377,IONIQ5,2021,01
M1200607378,IONIQ5,2021,01
M1200607380,IONIQ5,2021,01
M1200607381,IONIQ5,2021,01
M1200607382,IONIQ5,2021,01
M1200607383,IONIQ5,2021,01
M1200607384,IONIQ5,2021,01
M1200607385,IONIQ5,2021,01
M1200607386,IONIQ5,2021,01
M1200607387,IONIQ5,2021,01
M1200607388,IONIQ5,2021,01
M1200607389,IONIQ5,2021,01
M1200607390,IONIQ5,2021,01
M1200607391,IONIQ5,2021,01
M1200607393,IONIQ5,2021,01
M1200607394,IONIQ5,2021,01
M1200607396,IONIQ5,2021,01
M1200607397,IONIQ5,2021,01
M1200607398,IONIQ5,2021,01
M1200607400,IONIQ5,2021,01
M1200607402,IONIQ5,2021,01
M1200607403,IONIQ5,2021,01
M1200607404,IONIQ5,2021,01
M1200607405,IONIQ5,2021,01
M1200607406,IONIQ5,2021,01
M1200607407,IONIQ5,2021,01
M1200607408,IONIQ5,2021,01
M1200607409,IONIQ5,2021,01
M1200607411,IONIQ5,2021,01
M1200607412,IONIQ5,2021,01
M1200607414,IONIQ5,2021,01
M1200607415,IONIQ5,2021,01
M1200607417,IONIQ5,2021,01
M1200607418,IONIQ5,2021,01
M1200607419,IONIQ5,2021,01
M1200607422,IONIQ5,2021,01
M1200607423,IONIQ5,2021,01
M1200607425,IONIQ5,2021,01
M1200607426,IONIQ5,2021,01
M1200607427,IONIQ5,2021,01
M1200607428,IONIQ5,2021,01
M1200607429,IONIQ5,2021,01
M1200607431,IONIQ5,2021,01
M1200607432,IONIQ5,2021,01
M1200607434,IONIQ5,2021,01
M1200607436,IONIQ5,2021,01
M1200607438,IONIQ5,2021,01
M1200607439,IONIQ5,2021,01
M1200607440,IONIQ5,2021,01
M1200607441,IONIQ5,2021,01
M1200607442,IONIQ5,2021,01
M1200607443,IONIQ5,2021,01
M1200607444,IONIQ5,2021,01
M1200607445,IONIQ5,2021,01
M1200607446,IONIQ5,2021,01
M1200607447,IONIQ5,2021,01
M1200607448,IONIQ5,2021,01
M1200607449,IONIQ5,2021,01
M1200607451,IONIQ5,2021,01
M1200607453,IONIQ5,2021,01
M1200607454,IONIQ5,2021,01
M1200607455,IONIQ5,2021,01
M1200607456,IONIQ5,2021,01
M1200607457,IONIQ5,2021,01
M1200607458,IONIQ5,2021,01
M1200607459,IONIQ5,2021,01
M1200607463,IONIQ5,2021,01
M1200607464,IONIQ5,2021,01
M1200607465,IONIQ5,2021,01
M1200607466,IONIQ5,2021,01
M1200607468,IONIQ5,2021,01
M1200607469,IONIQ5,2021,01
M1200607470,IONIQ5,2021,01
M1200607471,IONIQ5,2021,01
M1200607473,IONIQ5,2021,01
M1200607476,IONIQ5,2021,01
M1200607477,IONIQ5,2021,01
M1200607478,IONIQ5,2021,01
M1200607479,IONIQ5,2021,01
M1200607480,IONIQ5,2021,01
M1200607482,IONIQ5,2021,01
M1200607483,IONIQ5,2021,01
M1200607484,IONIQ5,2021,01
M1200607486,IONIQ5,2021,01
M1200607487,IONIQ5,2021,01
M1200607488,IONIQ5,2021,01
M1200607489,IONIQ5,2021,01
M1200607490,IONIQ5,2021,01
M1200607492,IONIQ5,2021,01
M1200607493,IONIQ5,2021,01
M1200607494,IONIQ5,2021,01
M1200607495,IONIQ5,2021,01
M1200607496,IONIQ5,2021,01
M1200607497,IONIQ5,2021,01
M1200607498,IONIQ5,2021,01
M1200607499,IONIQ5,2021,01
M1200607503,IONIQ5,2021,01
M1200607504,IONIQ5,2021,01
M1200607506,IONIQ5,2021,01
M1200607508,IONIQ5,2021,01
M1200607509,IONIQ5,2021,01
M1200607510,IONIQ5,2021,01
M1200607511,IONIQ5,2021,01
M1200607512,IONIQ5,2021,01
M1200607513,IONIQ5,2021,01
M1200607514,IONIQ5,2021,01
M1200607515,IONIQ5,2021,01
M1200607516,IONIQ5,2021,01
M1200607517,IONIQ5,2021,01
M1200607518,IONIQ5,2021,01
M1200607522,IONIQ5,2021,01
M1200607559,IONIQ5,2021,01
M1200607560,IONIQ5,2021,01
M1200607563,IONIQ5,2021,01
M1200607564,IONIQ5,2021,01
M1200607565,IONIQ5,2021,01
M1200607566,IONIQ5,2021,01
M1200607568,IONIQ5,2021,01
M1200607570,IONIQ5,2021,01
M1200607571,IONIQ5,2021,01
M1200607572,IONIQ5,2021,01
M1200607573,IONIQ5,2021,01
M1200607574,IONIQ5,2021,01
M2210703614,IONIQ5,2021,01
M2210703616,IONIQ5,2021,01
M2210703617,IONIQ5,2021,01
M2210703618,IONIQ5,2021,01
M2210703619,IONIQ5,2021,01
M2210703620,IONIQ5,2021,01
M2210703631,IONIQ5,2021,01
M2210703632,IONIQ5,2021,01
M2210703633,IONIQ5,2021,01
M2210703634,IONIQ5,2021,01
M2210703635,IONIQ5,2021,01
M2210703636,IONIQ5,2021,01
M2210703674,IONIQ5,2021,01
M2210703675,IONIQ5,2021,01
M2210703676,IONIQ5,2021,01
M2210703677,IONIQ5,2021,01
M2210703679,IONIQ5,2021,01
M2210703680,IONIQ5,2021,01
M2210703732,IONIQ5,2021,01
M2210703756,IONIQ5,2021,01
M2210703757,IONIQ5,2021,01
M2210703758,IONIQ5,2021,01
M2210703759,IONIQ5,2021,01
M2210703760,IONIQ5,2021,01
M2210703761,IONIQ5,2021,01
M2210703762,IONIQ5,2021,01
M2210703763,IONIQ5,2021,01
M2210703764,IONIQ5,2021,01
M2210703765,IONIQ5,2021,01
M2210703766,IONIQ5,2021,01
M2210703767,IONIQ5,2021,01
M2210703768,IONIQ5,2021,01
M2210703770,IONIQ5,2021,01
M2210703771,IONIQ5,2021,01
M2210703772,IONIQ5,2021,01
M2210703773,IONIQ5,2021,01
M2210703774,IONIQ5,2021,01
M2210703775,IONIQ5,2021,01
M2210703777,IONIQ5,2021,01
M2210703778,IONIQ5,2021,01
M2210703779,IONIQ5,2021,01
M2210703780,IONIQ5,2021,01
M2210703781,IONIQ5,2021,01
M2210703783,IONIQ5,2021,01
M2210703784,IONIQ5,2021,01
M2210703785,IONIQ5,2021,01
M2210703786,IONIQ5,2021,01
M2210703787,IONIQ5,2021,01
M2210703788,IONIQ5,2021,01
M2210703789,IONIQ5,2021,01
M2210703793,IONIQ5,2021,01
M2210703794,IONIQ5,2021,01
M2210703795,IONIQ5,2021,01
M2210703796,IONIQ5,2021,01
M2210703797,IONIQ5,2021,01
M2210703798,IONIQ5,2021,01
M2210703799,IONIQ5,2021,01
M2210703801,IONIQ5,2021,01
M2210703850,IONIQ5,2021,01
M2210703851,IONIQ5,2021,01
M2210703852,IONIQ5,2021,01
M2210703853,IONIQ5,2021,01
M2210703854,IONIQ5,2021,01
M2210703855,IONIQ5,2021,01
M2210703856,IONIQ5,2021,01
M2210703857,IONIQ5,2021,01
M2210703858,IONIQ5,2021,01
M2210703859,IONIQ5,2021,01
M2210703860,IONIQ5,2021,01
M2210703861,IONIQ5,2021,01
M2210703911,IONIQ5,2021,01
M2210703912,IONIQ5,2021,01
M2210703913,IONIQ5,2021,01
M2210703914,IONIQ5,2021,01
M2210703915,IONIQ5,2021,01
M2210703916,IONIQ5,2021,01
M2210703917,IONIQ5,2021,01
M2210703918,IONIQ5,2021,01
M2210703919,IONIQ5,2021,01
M2210703920,IONIQ5,2021,01
M2210703921,IONIQ5,2021,01
M2210703922,IONIQ5,2021,01
M2210703924,IONIQ5,2021,01
M2210703925,IONIQ5,2021,01
M2210703926,IONIQ5,2021,01
M2210703927,IONIQ5,2021,01
M2210703928,IONIQ5,2021,01
M2210703929,IONIQ5,2021,01
M2210703930,IONIQ5,2021,01
M2210703931,IONIQ5,2021,01
M2210703970,IONIQ5,2021,01
M2210704066,IONIQ5,2021,01
M2210704067,IONIQ5,2021,01
M2210704068,IONIQ5,2021,01
M2210704069,IONIQ5,2021,01
M2210704070,IONIQ5,2021,01
M2210704163,IONIQ5,2021,01
M2211120052,IONIQ5,2021,01
M1190900291,Kona,2021,01
M1200606101,Kona,2021,01
M1200606102,Kona,2021,01
M1200606103,Kona,2021,01
M1200606104,Kona,2021,01
M1200606106,Kona,2021,01
M1200606110,Kona,2021,01
M1200606112,Kona,2021,01
M1200606114,Kona,2021,01
M1200606115,Kona,2021,01
M1200606116,Kona,2021,01
M1200606117,Kona,2021,01
M1200606118,Kona,2021,01
M1200606119,Kona,2021,01
M1200606120,Kona,2021,01
M1200606122,Kona,2021,01
M1200606123,Kona,2021,01
M1200606124,Kona,2021,01
M1200606127,Kona,2021,01
M1200606128,Kona,2021,01
M1200606129,Kona,2021,01
M1200606133,Kona,2021,01
M1200606134,Kona,2021,01
M1200606159,Kona,2021,01
M1200606160,Kona,2021,01
M1200606213,Kona,2021,01
M1200606217,Kona,2021,01
M1200606298,Kona,2021,01
M1200607207,Kona,2021,01
M1200607208,Kona,2021,01
M1190900294,Niro,2021,01
M1200606135,Niro,2021,01
M1200606138,Niro,2021,01
M1200606139,Niro,2021,01
M1200606141,Niro,2021,01
M1200606142,Niro,2021,01
M1200606144,Niro,2021,01
M1200606145,Niro,2021,01
M1200606146,Niro,2021,01
M1200606150,Niro,2021,01
M1200606151,Niro,2021,01
M1200606152,Niro,2021,01
M1200606153,Niro,2021,01
M1200606154,Niro,2021,01
M1200606155,Niro,2021,01
M1200606156,Niro,2021,01
M1200606157,Niro,2021,01
M1200606161,Niro,2021,01
M1200606162,Niro,2021,01
M1200606165,Niro,2021,01
M1200606166,Niro,2021,01
M1200606168,Niro,2021,01
M1200606169,Niro,2021,01
M1200606170,Niro,2021,01
M1200606172,Niro,2021,01
M1200606173,Niro,2021,01
M1200606174,Niro,2021,01
M1200606175,Niro,2021,01
M1200606176,Niro,2021,01
M1200606177,Niro,2021,01
M1200606178,Niro,2021,01
M1200606179,Niro,2021,01
M1200606180,Niro,2021,01
M1200606181,Niro,2021,01
M1200606182,Niro,2021,01
M1200606184,Niro,2021,01
M1200606187,Niro,2021,01
M1200606188,Niro,2021,01
M1200606189,Niro,2021,01
M1200606190,Niro,2021,01
M1200606191,Niro,2021,01
M1200606193,Niro,2021,01
M1200606194,Niro,2021,01
M1200606195,Niro,2021,01
M1200606196,Niro,2021,01
M1200606197,Niro,2021,01
M1200606199,Niro,2021,01
M1200606200,Niro,2021,01
M1200606201,Niro,2021,01
M1200606202,Niro,2021,01
M1200606203,Niro,2021,01
M1200606204,Niro,2021,01
M1200606207,Niro,2021,01
M1200606208,Niro,2021,01
M1200606209,Niro,2021,01
M1200606212,Niro,2021,01
M1200606215,Niro,2021,01
M1200606216,Niro,2021,01
M1200606218,Niro,2021,01
M1200606222,Niro,2021,01
M1200606223,Niro,2021,01
M1200606224,Niro,2021,01
M1200606225,Niro,2021,01
M1200606229,Niro,2021,01
M1200606230,Niro,2021,01
M1200606234,Niro,2021,01
M1200606235,Niro,2021,01
M1200606238,Niro,2021,01
M1200606239,Niro,2021,01
M1200606240,Niro,2021,01
M1200606242,Niro,2021,01
M1200606243,Niro,2021,01
M1200606244,Niro,2021,01
M1200606245,Niro,2021,01
M1200606246,Niro,2021,01
M1200606247,Niro,2021,01
M1200606248,Niro,2021,01
M1200606249,Niro,2021,01
M1200606250,Niro,2021,01
M1200606251,Niro,2021,01
M1200606252,Niro,2021,01
M1200606253,Niro,2021,01
M1200606254,Niro,2021,01
M1200606255,Niro,2021,01
M1200606256,Niro,2021,01
M1200606257,Niro,2021,01
M1200606258,Niro,2021,01
M1200606260,Niro,2021,01
M1200606261,Niro,2021,01
M1200606262,Niro,2021,01
M1200606263,Niro,2021,01
M1200606264,Niro,2021,01
M1200606265,Niro,2021,01
M1200606267,Niro,2021,01
M1200606269,Niro,2021,01
M1200606270,Niro,2021,01
M1200606272,Niro,2021,01
M1200606273,Niro,2021,01
M1200606274,Niro,2021,01
M1200606275,Niro,2021,01
M1200606276,Niro,2021,01
M1200606277,Niro,2021,01
M1200606279,Niro,2021,01
M1200606280,Niro,2021,01
M1200606281,Niro,2021,01
M1200606282,Niro,2021,01
M1200606283,Niro,2021,01
M1200606285,Niro,2021,01
M1200606286,Niro,2021,01
M1200606287,Niro,2021,01
M1200606289,Niro,2021,01
M1200606290,Niro,2021,01
M1200606291,Niro,2021,01
M1200606292,Niro,2021,01
M1200606297,Niro,2021,01
M1200606299,Niro,2021,01
M1200607101,Niro,2021,01
M1200607105,Niro,2021,01
M1200607106,Niro,2021,01
M1200607107,Niro,2021,01
M1200607109,Niro,2021,01
M1200607111,Niro,2021,01
M1200607112,Niro,2021,01
M1200607113,Niro,2021,01
M1200607114,Niro,2021,01
M1200607116,Niro,2021,01
M1200607117,Niro,2021,01
M1200607118,Niro,2021,01
M1200607120,Niro,2021,01
M1200607122,Niro,2021,01
M1200607123,Niro,2021,01
M1200607124,Niro,2021,01
M1200607126,Niro,2021,01
M1200607128,Niro,2021,01
M1200607131,Niro,2021,01
M1200607132,Niro,2021,01
M1200607133,Niro,2021,01
M1200607134,Niro,2021,01
M1200607135,Niro,2021,01
M1200607136,Niro,2021,01
M1200607138,Niro,2021,01
M1200607139,Niro,2021,01
M1200607140,Niro,2021,01
M1200607142,Niro,2021,01
M1200607143,Niro,2021,01
M1200607144,Niro,2021,01
M1200607146,Niro,2021,01
M1200607148,Niro,2021,01
M1200607150,Niro,2021,01
M1200607151,Niro,2021,01
M1200607152,Niro,2021,01
M1200607153,Niro,2021,01
M1200607154,Niro,2021,01
M1200607155,Niro,2021,01
M1200607157,Niro,2021,01
M1200607158,Niro,2021,01
M1200607159,Niro,2021,01
M1200607160,Niro,2021,01
M1200607162,Niro,2021,01
M1200607163,Niro,2021,01
M1200607164,Niro,2021,01
M1200607165,Niro,2021,01
M1200607166,Niro,2021,01
M1200607167,Niro,2021,01
M1200607168,Niro,2021,01
M1200607169,Niro,2021,01
M1200607170,Niro,2021,01
M1200607173,Niro,2021,01
M1200607174,Niro,2021,01
M1200607175,Niro,2021,01
M1200607176,Niro,2021,01
M1200607177,Niro,2021,01
M1200607178,Niro,2021,01
M1200607179,Niro,2021,01
M1200607180,Niro,2021,01
M1200607181,Niro,2021,01
M1200607182,Niro,2021,01
M1200607185,Niro,2021,01
M1200607186,Niro,2021,01
M1200607187,Niro,2021,01
M1200607188,Niro,2021,01
M1200607189,Niro,2021,01
M1200607190,Niro,2021,01
M1200607191,Niro,2021,01
M1200607192,Niro,2021,01
M1200607193,Niro,2021,01
M1200607194,Niro,2021,01
M1200607195,Niro,2021,01
M1200607196,Niro,2021,01
M1200607197,Niro,2021,01
M1200607198,Niro,2021,01
M1200607199,Niro,2021,01
M1200607200,Niro,2021,01
M1200607203,Niro,2021,01
M1200607205,Niro,2021,01
M1200607209,Niro,2021,01
M1200607212,Niro,2021,01
M1200607214,Niro,2021,01
M1200607217,Niro,2021,01
M1200607218,Niro,2021,01
M1200607220,Niro,2021,01
M1200607221,Niro,2021,01
M1200607222,Niro,2021,01
M1200607226,Niro,2021,01
M1200607227,Niro,2021,01
M1200607228,Niro,2021,01
M1200607229,Niro,2021,01
M1200607232,Niro,2021,01
M1200607241,Niro,2021,01
M1200607242,Niro,2021,01
M1200607243,Niro,2021,01
M1200607244,Niro,2021,01
M1200607246,Niro,2021,01
M1200607247,Niro,2021,01
M1200607251,Niro,2021,01
M1200607257,Niro,2021,01
M1200607262,Niro,2021,01
M1200607523,Niro,2021,01
M1200607524,Niro,2021,01
M1200607525,Niro,2021,01
M1200607527,Niro,2021,01
M1200607529,Niro,2021,01
M1200607530,Niro,2021,01
M1200607534,Niro,2021,01
M1200607535,Niro,2021,01
M1200607536,Niro,2021,01
M1200607537,Niro,2021,01
M1200607538,Niro,2021,01
M1200607539,Niro,2021,01
M1200607540,Niro,2021,01
M1200607541,Niro,2021,01
M1200607542,Niro,2021,01
M1200607543,Niro,2021,01
M1200607544,Niro,2021,01
M1200607545,Niro,2021,01
M1200607546,Niro,2021,01
M1200607547,Niro,2021,01
M1200607548,Niro,2021,01
M1200607551,Niro,2021,01
M1200607575,Niro,2021,01
M1200607577,Niro,2021,01
M1200607578,Niro,2021,01
M1200607579,Niro,2021,01
M1200607580,Niro,2021,01
M1200607581,Niro,2021,01
M1200607582,Niro,2021,01
M1200607583,Niro,2021,01
M1200607584,Niro,2021,01
M1200607585,Niro,2021,01
M1200607586,Niro,2021,01
M1200607587,Niro,2021,01
M1200607588,Niro,2021,01
M1200607589,Niro,2021,01
M1200607590,Niro,2021,01
M1200607591,Niro,2021,01
M1200607592,Niro,2021,01
M1200607593,Niro,2021,01
M1200607595,Niro,2021,01
M1200607597,Niro,2021,01
M1200607598,Niro,2021,01
M1200607600,Niro,2021,01
M2210703601,Niro,2021,01
M2210703602,Niro,2021,01
M2210703603,Niro,2021,01
M2210703604,Niro,2021,01
M2210703605,Niro,2021,01
M2210703606,Niro,2021,01
M2210703607,Niro,2021,01
M2210703608,Niro,2021,01
M2210703609,Niro,2021,01
M2210703610,Niro,2021,01
M2210703611,Niro,2021,01
M2210703612,Niro,2021,01
M2210703613,Niro,2021,01
M2210703621,Niro,2021,01
M2210703622,Niro,2021,01
M2210703623,Niro,2021,01
M2210703624,Niro,2021,01
M2210703625,Niro,2021,01
M2210703626,Niro,2021,01
M2210703627,Niro,2021,01
M2210703628,Niro,2021,01
M2210703629,Niro,2021,01
M2210703630,Niro,2021,01
M2210703638,Niro,2021,01
M2210703639,Niro,2021,01
M2210703640,Niro,2021,01
M2210703641,Niro,2021,01
M2210703642,Niro,2021,01
M2210703643,Niro,2021,01
M2210703664,Niro,2021,01
M2210703665,Niro,2021,01
M2210703667,Niro,2021,01
M2210703668,Niro,2021,01
M2210703681,Niro,2021,01
M2210703682,Niro,2021,01
M2210703683,Niro,2021,01
M2210703684,Niro,2021,01
M2210703685,Niro,2021,01
M2210703686,Niro,2021,01
M2210703688,Niro,2021,01
M2210703689,Niro,2021,01
M2210703690,Niro,2021,01
M2210703691,Niro,2021,01
M2210703692,Niro,2021,01
M2210703693,Niro,2021,01
M2210703694,Niro,2021,01
M2210703695,Niro,2021,01
M2210703696,Niro,2021,01
M2210703697,Niro,2021,01
M2210703698,Niro,2021,01
M2210703699,Niro,2021,01
M2210703700,Niro,2021,01
M2210703701,Niro,2021,01
M2210703702,Niro,2021,01
M2210703703,Niro,2021,01
M2210703705,Niro,2021,01
M2210703706,Niro,2021,01
M2210703733,Niro,2021,01
M2210703734,Niro,2021,01
M2210703735,Niro,2021,01
M2210703736,Niro,2021,01
M2210703737,Niro,2021,01
M2210703738,Niro,2021,01
M2210703739,Niro,2021,01
M2210703740,Niro,2021,01
M2210703741,Niro,2021,01
M2210703742,Niro,2021,01
M2210703743,Niro,2021,01
M2210703744,Niro,2021,01
M2210703745,Niro,2021,01
M2210703806,Niro,2021,01
M2210703807,Niro,2021,01
M2210703808,Niro,2021,01
M2210703809,Niro,2021,01
M2210703810,Niro,2021,01
M2210703812,Niro,2021,01
M2210703813,Niro,2021,01
M2210703814,Niro,2021,01
M2210703815,Niro,2021,01
M2210703816,Niro,2021,01
M2210703817,Niro,2021,01
M2210703818,Niro,2021,01
M2210703819,Niro,2021,01
M2210703820,Niro,2021,01
M2210703821,Niro,2021,01
M2210703822,Niro,2021,01
M2210703823,Niro,2021,01
M2210703824,Niro,2021,01
M2210703825,Niro,2021,01
M2210703826,Niro,2021,01
M2210703827,Niro,2021,01
M2210703828,Niro,2021,01
M2210703829,Niro,2021,01
M2210703830,Niro,2021,01
M2210703831,Niro,2021,01
M2210703832,Niro,2021,01
M2210703833,Niro,2021,01
M2210703835,Niro,2021,01
M2210703836,Niro,2021,01
M2210703838,Niro,2021,01
M2210703839,Niro,2021,01
M2210703840,Niro,2021,01
M2210703865,Niro,2021,01
M2210703867,Niro,2021,01
M2210703868,Niro,2021,01
M2210703869,Niro,2021,01
M2210703870,Niro,2021,01
M2210703871,Niro,2021,01
M2210703872,Niro,2021,01
M2210703875,Niro,2021,01
M2210703876,Niro,2021,01
M2210703877,Niro,2021,01
M2210703878,Niro,2021,01
M2210703880,Niro,2021,01
M2210703881,Niro,2021,01
M2210703882,Niro,2021,01
M2210703883,Niro,2021,01
M2210703884,Niro,2021,01
M2210703885,Niro,2021,01
M2210703886,Niro,2021,01
M2210703887,Niro,2021,01
M2210703888,Niro,2021,01
M2210703889,Niro,2021,01
M2210703890,Niro,2021,01
M2210703891,Niro,2021,01
M2210703892,Niro,2021,01
M2210703893,Niro,2021,01
M2210703894,Niro,2021,01
M2210703895,Niro,2021,01
M2210703896,Niro,2021,01
M2210703897,Niro,2021,01
M2210703898,Niro,2021,01
M2210703899,Niro,2021,01
M2210703900,Niro,2021,01
M2210703901,Niro,2021,01
M2210703902,Niro,2021,01
M2210703903,Niro,2021,01
M2210703904,Niro,2021,01
M2210703905,Niro,2021,01
M2210703906,Niro,2021,01
M2210703907,Niro,2021,01
M2210703908,Niro,2021,01
M2210703909,Niro,2021,01
M2210703910,Niro,2021,01
M2210703949,Niro,2021,01
M2210703950,Niro,2021,01
M2210703951,Niro,2021,01
M2210703952,Niro,2021,01
M2210703953,Niro,2021,01
M2210703954,Niro,2021,01
M2210703955,Niro,2021,01
M2210703956,Niro,2021,01
M2210703957,Niro,2021,01
M2210703958,Niro,2021,01
M2210703959,Niro,2021,01
M2210703960,Niro,2021,01
M2210703961,Niro,2021,01
M2210703962,Niro,2021,01
M2210703963,Niro,2021,01
M2210703964,Niro,2021,01
M2210703965,Niro,2021,01
M2210703966,Niro,2021,01
M2210703967,Niro,2021,01
M2210703968,Niro,2021,01
M2210703969,Niro,2021,01
M2210703976,Niro,2021,01
M2210703996,Niro,2021,01
M2210704000,Niro,2021,01
M2210704121,Niro,2021,01
M2210704122,Niro,2021,01
M2210704123,Niro,2021,01
M2210704124,Niro,2021,01
M2210704125,Niro,2021,01
M2210704126,Niro,2021,01
M2210704127,Niro,2021,01
M2210704128,Niro,2021,01
M2210704129,Niro,2021,01
M2210704130,Niro,2021,01
M2210704131,Niro,2021,01
M2210704132,Niro,2021,01
M2210704133,Niro,2021,01
M2210704134,Niro,2021,01
M2210704136,Niro,2021,01
M2210704137,Niro,2021,01
M2211120045,Niro,2021,01
M1200607127,UNKNOWN,2021,01
M1200607141,UNKNOWN,2021,01
M1200607171,UNKNOWN,2021,01
M2210703769,UNKNOWN,2021,01
M2210703805,UNKNOWN,2021,01
M2210703941,UNKNOWN,2021,01
V011AI0001,PORTER2,2023,01
V007AJ0000,NIRO_LONGRANGE,2018,01
V013AK0001,IONIQ6_LONGRANGE,2022,01
V012BE0144,BONGO3,2025,01
V011BE0024,PORTER2,2025,01
V011BE0025,PORTER2,2025,01
V011BE0023,PORTER2,2025,01
V012BE0073,BONGO3,2025,01
V012BE0079,BONGO3,2025,01
V011BE0022,PORTER2,2025,01
V011BE0031,PORTER2,2025,01
V011BE0033,PORTER2,2025,01
V011BE0036,PORTER2,2025,01
V012BE0045,BONGO3,2025,01
V011BE0016,PORTER2,2025,01
V011BE0012,PORTER2,2025,01
V011BE0013,PORTER2,2025,01
V011BE0014,PORTER2,2025,01
V012BE0114,BONGO3,2025,01
V011BE0034,PORTER2,2025,01
V011BE0035,PORTER2,2025,01
V012BE0126,BONGO3,2025,01
V012BE0131,BONGO3,2025,01
V012BE0133,BONGO3,2025,01
V012BE0139,BONGO3,2025,01
V012BE0140,BONGO3,2025,01
V004BA0003,EV6_LONGRANGE,2022,01
V000BD0002,IONIQ5_LONGRANGE,2025,01
V020BD0000,IONIQ,2025,01
V004BE0005,EV6_LONGRANGE,2025,01
V000BD0000,IONIQ5_LONGRANGE,2022,07
V000BA0009,IONIQ5_LONGRANGE,2022,01
V004BA0019,EV6_LONGRANGE,2022,01
V000BA0007,IONIQ5_LONGRANGE,2022,01
V004BA0020,EV6_LONGRANGE,2022,01
V004BA0021,EV6_LONGRANGE,2022,01
V004BA0025,EV6_LONGRANGE,2022,01
V000BA0008,IONIQ5_LONGRANGE,2022,01
V004BA0027,EV6_LONGRANGE,2022,01
V004BA0030,EV6_LONGRANGE,2022,01
V007AL0000,NIRO_LONGRANGE,2018,08
V004AL0000,EV6_LONGRANGE,2023,02
V003BB0003,IONIQ5_LONGRANGE,2022,11
V004BB0000,EV6_LONGRANGE,2023,03
V004AK0001,EV6_LONGRANGE,2022,01
V013BC0000,IONIQ6_LONGRANGE,2023,11
V011BD0000,PORTER2,2023,06
V011BD0012,PORTER2,2023,11
V011BD0002,PORTER2,2023,11
V011BD0004,PORTER2,2023,06
V011BD0005,PORTER2,2023,10
V011BD0001,PORTER2,2025,01
V012BD0017,BONGO3,2023,04
V012BD0018,BONGO3,2025,01
V012BD0019,BONGO3,2025,01
V011BD0008,PORTER2,2023,01
V011BD0009,PORTER2,2023,07
V012BD0025,BONGO3,2023,01
V012BD0027,BONGO3,2023,09
V012BD0031,BONGO3,2023,01
V011BD0013,PORTER2,2023,01
V011BD0010,PORTER2,2023,01
V012BE0000,BONGO3,2025,01
V011BE0005,PORTER2,2025,01
V011BE0007,PORTER2,2025,01
V011BE0008,PORTER2,2025,01
V011BE0001,PORTER2,2025,01
V012BE0016,BONGO3,2025,01
V011BE0009,PORTER2,2025,01
V011BE0002,PORTER2,2025,01
V012BE0021,BONGO3,2025,01
V012BE0022,BONGO3,2025,01
V012BE0023,BONGO3,2025,01
V011BE0004,PORTER2,2025,01
V011BE0006,PORTER2,2025,01
V012BE0033,BONGO3,2025,01
V012BE0031,BONGO3,2025,01
V011BE0011,PORTER2,2025,01
V021BA0000,EV9,2023,12
V004AL0005,EV6_LONGRANGE,2023,07
V018AL0000,NIRO2,2022,07
V016BE0001,GV70,2025,01
V009BE0000,KONA_LONGRANGE,2021,01
V000BE0013,IONIQ5_LONGRANGE,2021,01
V004BE0002,EV6_LONGRANGE,2025,01
V004BE0003,EV6_LONGRANGE,2021,01
V000BE0020,IONIQ5_LONGRANGE,2025,01
V021BE0004,EV9,2025,01
V004BE0008,EV6_LONGRANGE,2025,01
V004BE0004,EV6_LONGRANGE,2025,01
V018BE0000,NIRO2,2024,01
V021BE0000,EV9,2025,01
V009BE0003,KONA_LONGRANGE,2025,01
V004BE0011,EV6_LONGRANGE,2025,01
V016BE0002,GV70,2025,01
V000BE0030,IONIQ5_LONGRANGE,2025,01
V003BF0002,IONIQ5_LONGRANGE,2025,01
V004BF0003,EV6_LONGRANGE,2025,01
V004BF0002,EV6_LONGRANGE,2025,01
V004BF0006,EV6_LONGRANGE,2025,01
V004BF0004,EV6_LONGRANGE,2025,01
V004BG0001,EV6_LONGRANGE,2025,01
V004BG0000,EV6_LONGRANGE,2025,01
V000BG0012,IONIQ5_LONGRANGE,2025,01
V003BE0000,IONIQ5_LONGRANGE,2023,01
V000BE0029,IONIQ5_LONGRANGE,2021,01
V000BE0032,IONIQ5_LONGRANGE,2022,01
V023AL0000,SOUL_LONGRANGE,2019,01
V001BB0001,IONIQ5,2021,10
SITESTEV6,EV6_LONGRANGE,2022,01
V004BE0009,EV6_LONGRANGE,2025,01
V022AK0000,KONA_LONGRANGE,2023,01
V004BA0014,EV6_LONGRANGE,2022,06
HANIONIQ5,IONIQ5_LONGRANGE,2022,01
TESTNIRO01,NIRO_PLUS,2022,01
TESTBONGO,BONGO3,2022,01
TESTEV9,EV9,2025,01
V000BB0002,IONIQ5_LONGRANGE,2022,06
V000BB0001,IONIQ5_LONGRANGE,2022,06
V004AK0000,EV6_LONGRANGE,2021,01
V000AL0003,IONIQ5_LONGRANGE,2021,10
V03BA0023,EV6_LONGRANGE,2022,09
V03BA0024,IONIQ5_LONGRANGE,2022,09
V03BA0025,EV6_LONGRANGE,2022,09
V03BA0027,IONIQ5_LONGRANGE,2022,08
V03BA0028,IONIQ5_LONGRANGE,2022,11
V03BA0030,EV6_LONGRANGE,2022,09
V03BA0031,IONIQ5_LONGRANGE,2023,02
V03BA0032,IONIQ5_LONGRANGE,2023,02
V003AL0003,IONIQ5_LONGRANGE,2022,11
V003BA0012,IONIQ5_LONGRANGE,2023,02
V007AL0001,NIRO_LONGRANGE,2018,08
V000BB0000,IONIQ5_LONGRANGE,2022,04
V012BD0029,BONGO3,2023,10
V007BE0000,NIRO_LONGRANGE,2025,01
V016BF0000,GV70,2025,01
V012BE0042,BONGO3,2025,01
V012BE0056,BONGO3,2025,01
V004BA0004,EV6_LONGRANGE,2022,01
V012BE0040,BONGO3,2025,01
V012BD0026,BONGO3,2023,01
V020BG0011,IONIQ,2017,01
V001BG0000,IONIQ5,2022,02
V020BG0005,IONIQ,2017,01
V020BG0007,IONIQ,2017,01
V020BG0006,IONIQ,2018,01
V020AL0000,IONIQ,2017,01
V020BG0002,IONIQ,2017,01
V020BG0015,IONIQ,2018,01
V020BG0008,IONIQ,2017,01
V020BG0004,IONIQ,2017,01
V020BG0013,IONIQ,2017,01
V020BG0001,IONIQ,2018,01
V000BE0017,IONIQ5_LONGRANGE,2025,01
V000BA0004,IONIQ5_LONGRANGE,2022,01
V000BH0014,IONIQ5_LONGRANGE,2021,10
V012BD0001,BONGO3,2025,01
V011BD0006,PORTER2,2024,01
V011BE0003,PORTER2,2025,01
V012BE0013,BONGO3,2025,01
V012BE0015,BONGO3,2025,01
V011BE0010,PORTER2,2025,01
V012BE0041,BONGO3,2025,01
V009BH0001,KONA_LONGRANGE,2025,01
V000BE0014,IONIQ5_LONGRANGE,2022,01
V004BG0005,EV6_LONGRANGE,2025,01
V003BG0001,IONIQ5_LONGRANGE,2025,01
V004BG0006,EV6_LONGRANGE,2025,01
V000BG0009,IONIQ5_LONGRANGE,2025,01
V004BG0004,EV6_LONGRANGE,2025,01
V004BH0001,EV6_LONGRANGE,2025,01
V009BH0000,KONA_LONGRANGE,2025,01
V004BE0006,EV6_LONGRANGE,2022,01
V003BD0001,IONIQ5_LONGRANGE,2022,11
V012BE0014,BONGO3,2025,01
V012BE0030,BONGO3,2025,01
V000BE0019,IONIQ5_LONGRANGE,2023,01
V009BE0001,KONA_LONGRANGE,2019,01
V000BE0006,IONIQ5_LONGRANGE,2021,02
V000BE0009,IONIQ5_LONGRANGE,2025,01
V003BA0005,IONIQ5_LONGRANGE,2022,12
V012BE0065,BONGO3,2025,01
V012BE0032,BONGO3,2025,01
V018BF0000,NIRO2,2025,01
V003BA0004,IONIQ5_LONGRANGE,2022,10
V011BE0028,PORTER2,2025,01
V011BE0021,PORTER2,2025,01
V011BE0030,PORTER2,2025,01
V004BA0001,EV6_LONGRANGE,2022,01
V003BD0000,IONIQ5_LONGRANGE,2023,03
SITESTKONA,KONA_LONGRANGE,2025,01
V012BE0094,BONGO3,2025,01
V012BE0064,BONGO3,2025,01
V011BE0015,PORTER2,2025,01
V009BA0001,KONA_LONGRANGE,2019,01
V004BA0006,EV6_LONGRANGE,2022,01
V000BF0002,IONIQ5_LONGRANGE,2025,01
V011AK0000,PORTER2,2022,01
V000BA0005,IONIQ5_LONGRANGE,2022,01
V004BA0016,EV6_LONGRANGE,2022,01
V000BE0026,IONIQ5_LONGRANGE,2025,01
V020BA0001,IONIQ,2018,01
V000AL0002,IONIQ5_LONGRANGE,2021,11
V004BD0000,EV6_LONGRANGE,2022,04
V004BA0017,EV6_LONGRANGE,2022,01
V011BE0000,PORTER2,2025,01
V004BA0002,EV6_LONGRANGE,2023,01
V004BA0028,EV6_LONGRANGE,2022,01
V000BC0002,IONIQ5_LONGRANGE,2021,11
WIFITESTKONA,KONA,2025,01
V003AK0001,IONIQ5_LONGRANGE,2025,01
V013AL0000,IONIQ6_LONGRANGE,2025,01
V003BA0022,IONIQ5_LONGRANGE,2025,01
V020BA0000,IONIQ,2025,01
V020BA0002,IONIQ,2025,01
V003BA0002,IONIQ5_LONGRANGE,2025,01
V000BA0006,IONIQ5_LONGRANGE,2025,01
V012BD0028,BONGO3,2025,01
V012BD0005,BONGO3,2025,01
V011BD0003,PORTER2,2025,01
V009BA0000,KONA_LONGRANGE,2025,01
V004BA0015,EV6_LONGRANGE,2025,01
V020BG0010,IONIQ,2017,01
V012BE0136,BONGO3,2025,01
V011BE0018,PORTER2,2025,01
V020BG0014,IONIQ,2017,01
V021BJ0001,EV9,2023,08
V03BA0020,IONIQ5_LONGRANGE,2022,07
V021BJ0002,EV9,2024,07
V004BJ0000,EV6_LONGRANGE,2024,04
V021BI0003,EV9,2024,01
V004BI0000,EV6_LONGRANGE,2024,01
V000BA0010,IONIQ5_LONGRANGE,2022,01
V000BH0002,IONIQ5_LONGRANGE,2025,01
V000BI0008,IONIQ5_LONGRANGE,2024,08
V000BH0015,IONIQ5_LONGRANGE,2025,01
V021BK0000,EV9,2024,09
V015BK0000,GV60,2023,07
V000BI0003,EV3_LONGRANGE,2024,02
V004BI0002,EV6_LONGRANGE,2024,03
V009BL0006,KONA_LONGRANGE,2021,04
V031BL0000,CASPER_LONGRANGE,2024,10
V000BL0011,IONIQ5_LONGRANGE,2022,07
V004CA0001,EV6_LONGRANGE,2022,10
V020CA0000,IONIQ5,2017,10
V026CA000,IONIQ5_N,2024,10
V000CA0004,IONIQ5_LONGRANGE,2021,07
V012BE0141,BONGO3,2025,01
V019CA0000,IONIQ,2020,07
V000CA0027,KONA_LONGRANGE,2023,01
V029BL0000,EV3_LONGRANGE,2024,08
V009BL0002,KONA_LONGRANGE,2020,04
V011BL0000,PORTER2,2023,06
V000CA0022,IONIQ5_LONGRANGE,2022,05
V012BL0000,BONGO3,2023,04
V005CA0000,EV6,2021,08
V009BL0004,KONA_LONGRANGE,2019,01
V015BL0000,GV60,2022,05
V029CA0000,EV3_LONGRANGE,2024,10
V022BL0000,KONA_LONGRANGE,2023,11
V023BI0000,SOUL_LONGRANGE,2019,03
V000CA0025,IONIQ,2016,07
V000CA0021,IONIQ5_LONGRANGE,2023,01
V017BL0000,G80,2022,09
V003CA0000,IONIQ5_LONGRANGE,2023,03
V000CA0016,IONIQ5_LONGRANGE,2024,04
V029BL0001,EV3_LONGRANGE,2024,09
V003BL0001,IONIQ5_LONGRANGE,2023,03
V003CA0002,IONIQ5_LONGRANGE,2023,03
V000BL0007,IONIQ5_LONGRANGE,2022,04
V000BL0009,IONIQ5_LONGRANGE,2021,10
V004CA0000,EV6_LONGRANGE,2020,05
V013BL0002,IONIQ6_LONGRANGE,2025,01
V004BL0002,EV6_LONGRANGE,2025,01
V007BL0000,NIRO_LONGRANGE,2025,01
V013BL0001,IONIQ6_LONGRANGE,2025,01
V003BL0003,IONIQ5_LONGRANGE,2025,01
V000CA0010,IONIQ5_LONGRANGE,2021,11
V013BL0000,IONIQ6_LONGRANGE,2022,07
V004BJ0001,EV6_LONGRANGE,2024,06
V009BH0002,KONA_LONGRANGE,2025,01
V000BE0012,IONIQ5_LONGRANGE,2022,01
V007BF0000,NIRO_LONGRANGE,2025,01
V004BE0007,EV6_LONGRANGE,2025,01
V004BH0002,EV6_LONGRANGE,2023,04
V004BH0000,EV6_LONGRANGE,2025,01
V009BL0003,KONA_LONGRANGE,2018,11
V000BI0011,IONIQ5_LONGRANGE,2024,09
V003CA0001,IONIQ5_LONGRANGE,2023,03
V018BI0000,NIRO2,2022,07
V021BI0001,EV9,2023,07
V004BI0001,EV6_LONGRANGE,2024,07
V000CA0008,CASPER_LONGRANGE,2024,08
V004BL0000,EV6_LONGRANGE,2023,04
V000CA0029,IONIQ6_LONGRANGE,2023,02
V011CA0000,PORTER2,2020,03
V004BK0000,EV6_LONGRANGE,2024,07
V009BL0000,KONA_LONGRANGE,2018,10
V000CB0070,THE_NEW_IONIQ5_LONGRANGE,2024,08
V000CB0069,THE_NEW_IONIQ5_LONGRANGE,2024,09
V000CB0078,NIRO_PLUS,2023,04
V000CB0068,THE_NEW_IONIQ5_LONGRANGE,2024,11
V000CB0089,BONGO3,2023,04
V000CC0007,PORTER2,2024,12
V000CB0021,EV6_LONGRANGE,2022,06
V000CC0050,EV6_LONGRANGE,2024,03
V000CB0063,GV70,2022,10
V000CC0019,IONIQ5_LONGRANGE,2022,07
V000CC0052,EV6_LONGRANGE,2024,11
V000CA0035,ST1,2024,05
V000CC0005,EV6_LONGRANGE,2022,11
V000CC0016,IONIQ5_LONGRANGE,2021,07
V031CA0001,CASPER_LONGRANGE,2024,10
V000CC0029,CASPER_LONGRANGE,2024,10
V000CB0016,EV3_LONGRANGE,2024,11
V000CB0085,EV3_LONGRANGE,2025,02
V000CA0024,CASPER_LONGRANGE,2024,08
V000CB0058,IONIQ5_LONGRANGE,2023,10
V000CB0094,IONIQ5_N,2025,02
V000CB0077,EV6_LONGRANGE,2023,07
V000CB0027,EV6_LONGRANGE,2023,04
V000CB0041,IONIQ5_LONGRANGE,2022,01
V000CC0001,GV70,2021,07
V000CA0034,EV6_LONGRANGE,2022,04
V000CB0046,EV6_LONGRANGE,2023,12
V000CC0020,NIRO_PLUS,2022,07
V000CB0057,IONIQ5_LONGRANGE,2022,03
V000CB0010,EV6_LONGRANGE,2022,05
V000CC0032,THE_NEW_IONIQ5_LONGRANGE,2024,10
V000CB0009,GV70,2022,11
V000CB0036,NIRO_LONGRANGE,2019,10
V000CA0038,ST1,2024,11
V000CB0067,THE_NEW_IONIQ5_LONGRANGE,2024,10
V000CB0096,EV9,2024,04
V000CB0020,IONIQ5_LONGRANGE,2022,03
V000CA0039,ST1,2024,07
V000CB0033,IONIQ5_LONGRANGE,2023,09
V000CC0011,THE_NEW_IONIQ5_LONGRANGE,2024,11
V000CB0015,ST1,2025,07
V000CD0065,PORTER2,2020,02
V000CD0036,ST1,2025,04
V000CD0097,PORTER2,2022,11
V000CD0040,IONIQ5_LONGRANGE,2022,02
V000CD0023,ST1,2024,07
V000CD0041,EV6_LONGRANGE,2024,07
V000CD0034,ST1,2024,05
V000CD0032,THE_NEW_IONIQ5_LONGRANGE,2025,03
V000CD0029,NIRO2,2022,09
V000CD0024,ST1,2024,06
V000CD0043,ST1,2024,08
V000CD0025,BONGO3,2024,06
V000CD0033,IONIQ6,2025,02
V000CD0096,ST1,2024,07
V000CD0037,IONIQ5_LONGRANGE,2023,12
V000CC0085,IONIQ5_LONGRANGE,2021,06
V000CD0095,IONIQ5_LONGRANGE,2023,11
V000CD0027,SOUL_LONGRANGE,2019,06
V000CD0030,BONGO3,2023,04
V000CD0059,EV3_LONGRANGE,2025,04
V000CD0069,ST1,2024,11
V000CE0022,IONIQ5_LONGRANGE,2023,07
V000CD0072,IONIQ5_LONGRANGE,2023,10
V000CD0084,IONIQ5_LONGRANGE,2022,01
V000CD0076,ST1,2024,07
V000CD0081,BONGO3,2022,10
V000CD0064,EV6_LONGRANGE,2022,05
V000CE0010,IONIQ5_LONGRANGE,2021,12
V000CE0018,EV3_LONGRANGE,2024,07
V000CE0007,IONIQ5_LONGRANGE,2022,03
V000CE0014,EV3_LONGRANGE,2025,04
V000CE0019,PORTER2,2023,07
V000CB0006,EV6_LONGRANGE,2023,11
V004CA0002,EV6_LONGRANGE,2022,05
V009BL0001,KONA_LONGRANGE,2018,09
V000CD0078,IONIQ6_LONGRANGE,2023,12
V000CB0039,EV9,2024,01
V000CA0020,KONA_LONGRANGE,2023,02
V000CD0077,EV3,2025,02
V000CD0079,THE_NEW_IONIQ5_LONGRANGE,2025,04
V020BH0001,IONIQ5,2018,07
V000CC0077,EV6_LONGRANGE,2021,09
V000CE0001,EV3_LONGRANGE,2025,04
V000CC0069,BONGO3,2024,12
V000CC0079,EV6_LONGRANGE,2021,09
V000CC0074,IONIQ5_LONGRANGE,2022,06
V000CC0068,EV3,2024,08
V000CC0008,EV6_LONGRANGE,2022,10
V000CC0058,PORTER2,2024,12
V000CC0044,EV3_LONGRANGE,2024,12
V000CB0100,PORTER2,2022,10
V000CC0062,NIRO_LONGRANGE,2019,02
V000CC0066,BONGO3,2024,12
V000CC0063,CASPER_LONGRANGE,2024,10
V000CC0081,EV3_LONGRANGE,2024,08
V000CC0070,EV6_LONGRANGE,2024,08
V003CE0000,SOUL_LONGRANGE,2025,01
V000CB0008,EV6_LONGRANGE,2021,10
V000CE0017,EV3_LONGRANGE,2025,03
V000CC0051,CASPER_LONGRANGE,2025,03
V004CG0022,EV9,2025,05
V03CF0020,NIRO_PLUS,2025,01
V03CD0060,NIRO_PLUS,2025,01
V03CD0061,NIRO_PLUS,2025,01
V03CD0078,NIRO_PLUS,2025,01
V03CD0085,NIRO_PLUS,2025,01
V03CD0086,NIRO_PLUS,2025,01
V03CD0093,NIRO_PLUS,2025,01
V03CD0094,NIRO_PLUS,2025,01
V03CD0097,NIRO_PLUS,2025,01
V03CD0079,NIRO_LONGRANGE,2025,01
V03CD0082,NIRO_LONGRANGE,2025,01
V03CD0062,EV6_LONGRANGE,2025,01
V03CD0063,EV6_LONGRANGE,2025,01
V03CD0064,EV6_LONGRANGE,2025,01
V03CD0067,EV6_LONGRANGE,2025,01
V03CD0072,EV3_LONGRANGE,2025,01
V03CD0059,IONIQ5_LONGRANGE,2025,01
V03CD0080,IONIQ5_LONGRANGE,2025,01
V03CD0081,IONIQ5_LONGRANGE,2025,01
V03CD0083,IONIQ5_LONGRANGE,2025,01
V013CG0047,EV3_LONGRANGE,2024,11
V025CG0062,EV3_LONGRANGE,2025,07
V010CG0041,EV6_LONGRANGE,2021,11
V011CG0043,EV6_LONGRANGE,2022,09
V03CD0121,KONA_LONGRANGE,2025,01
V022CG0059,KONA_LONGRANGE,2018,11
V029CG0068,GV60,2022,05
V015CG0054,G80,2022,04
V03CD0109,NIRO_LONGRANGE,2025,01
V03CD0129,NIRO_PLUS,2025,01
V03CD0106,IONIQ,2025,01
V03CD0108,IONIQ,2025,01
V03CD0117,IONIQ,2025,01
V012CG0046,IONIQ9,2025,05
V03CD0113,IONIQ5_LONGRANGE,2025,01
V03CD0123,IONIQ5_LONGRANGE,2025,01
V03CD0124,IONIQ5_LONGRANGE,2025,01
V03CD0127,IONIQ5_LONGRANGE,2025,01
V026CG0063,IONIQ5_LONGRANGE,2025,01
V027CG0066,IONIQ5_LONGRANGE,2023,04
V015CG0053,THE_NEW_IONIQ5_LONGRANGE,2025,03
V001CG0006,THE_NEW_IONIQ5_LONGRANGE,2025,05
V005CG0023,IONIQ5_LONGRANGE,2022,04
V021CF0098,IONIQ5_LONGRANGE,2021,11
V007CG0005,IONIQ9,2025,04
V003CG0016,CASPER_LONGRANGE,2024,10
V025CF0138,CASPER_LONGRANGE,2025,01
V026CF0147,CASPER_LONGRANGE,2024,08
V026CF0145,EV3_STANDARD,2025,05
V024CF0116,EV3_LONGRANGE,2025,03
V009CG0038,EV4_LONGRANGE,2025,05
V021CF0096,EV6_LONGRANGE,2022,07
V026CF0140,EV6_LONGRANGE,2023,05
V026CF0141,EV6_LONGRANGE,2022,07
V002CG0007,KONA_LONGRANGE,2018,11
V024CF0129,KONA_LONGRANGE,2021,04
V022CF0107,GV70,2025,06
V002CG0010,GV70,2022,11
V023CF0114,NIRO_PLUS,2023,01
V027CF0156,SOUL_LONGRANGE,2019,06
V028CF0166,BONGO3,2023,06
V002CG0009,EV4_LONGRANGE,2025,06
V005CG0025,EV6_LONGRANGE,2022,11
V007CG0030,EV6_LONGRANGE,2025,06
V021CF0097,EV6_LONGRANGE,2023,07
V026CF0144,EV6_LONGRANGE,2022,08
V026CF0143,EV9,2024,04
V024CF0134,IONIQ5_LONGRANGE,2021,10
V009CG0037,IONIQ5_LONGRANGE,2022,10
V010CG0040,IONIQ5_LONGRANGE,2021,05
V007CG0021,IONIQ9,2025,03
V018CF0075,IONIQ,2018,10
V020CF0090,IONIQ,2017,08
V016CF0065,KONA_LONGRANGE,2018,10
V027CF0162,KONA_LONGRANGE,2018,07
V030CF0179,KONA_LONGRANGE,2018,10
V027CF0164,BONGO3,2024,07
V008CG0033,PORTER2,2021,11
V020CF0092,PORTER2,2022,05
V018CF0080,NIRO_LONGRANGE,2021,06
V018CF0078,CASPER_LONGRANGE,2024,10
V005CH0003,IONIQ5_LONGRANGE,2021,05
V020CE0035,IONIQ5_LONGRANGE,2021,12
V000BI0009,IONIQ5_LONGRANGE,2022,09
V017CF0069,IONIQ5_N,2024,09
V021CE0043,IONIQ6_LONGRANGE,2022,10
V010CF0015,EV3_STANDARD,2025,03
V008CG0031,EV4_LONGRANGE,2025,06
V027CH0046,EV6_LONGRANGE,2021,11
V016CH0022,EV6_LONGRANGE,2021,12
V016CF0063,EV9,2023,12
V000CD0101,ST1,2024,06
V026CH0041,ST1,2025,05
V000CD0055,ST1,2025,06
V002CG0011,THE_NEW_IONIQ5_STANDARD,2025,02
V011CI0025,THE_NEW_IONIQ5_LONGRANGE,2024,07
V004CF0003,NIRO_LONGRANGE,2019,07
V027CH0043,NIRO_LONGRANGE,2020,03
V003CI0005,KONA_LONGRANGE,2019,07
V013CF0043,KONA_LONGRANGE,2020,03
V03CE0037,TESLA_MODEL3_LONGRANGE,2025,01
V005CI0012,IONIQ5_LONGRANGE,2025,05
V005CG0026,IONIQ5_LONGRANGE,2021,06
V014CI0029,IONIQ5_LONGRANGE,2022,03
V020CE0039,IONIQ5_LONGRANGE,2022,07
V013CF0041,IONIQ5_LONGRANGE,2022,10
V014CF0047,IONIQ5_LONGRANGE,2022,02
V009CF0014,THE_NEW_IONIQ5_LONGRANGE,2025,03
V000CD0012,EV3_LONGRANGE,2024,09
V015CF0055,EV3_LONGRANGE,2024,07
V000CC0002,EV6_LONGRANGE,2023,12
V000CD0014,EV6_LONGRANGE,2022,05
V016CH0023,EV6_LONGRANGE,2022,01
V014CF0048,EV6_LONGRANGE,2021,10
V012CF0033,CASPER_LONGRANGE,2024,10
V027CH0047,CASPER_STANDARD,2024,11
V000CB0002,GV60,2023,04
V021CE0046,GV70,2022,06
V000CD0015,PORTER2,2021,03
V000CD0038,ST1,2024,11
V005CF0006,IONIQ5_LONGRANGE,2021,08
V004CJ0010,IONIQ5_LONGRANGE,2022,03
V000CE0028,IONIQ5_LONGRANGE,2022,02
V000CC0043,IONIQ5_LONGRANGE,2021,10
V000CA0046,IONIQ5_LONGRANGE,2021,10
V000CA0033,IONIQ,2020,08
V009CH0009,EV3_LONGRANGE,2025,03
V000CC0037,EV3_LONGRANGE,2025,02
V008CH0005,EV6_LONGRANGE,2022,08
V002CJ0007,EV6_LONGRANGE,2021,08
V002CJ0008,EV6_LONGRANGE,2022,05
V000CE0003,EV9,2025,04
V000CB0084,EV9,2023,12
V000CC0010,CASPER_LONGRANGE,2025,02
V003CG0019,CASPER_LONGRANGE,2024,10
V000CC0031,NIRO2,2022,09
V013CF0038,KONA_LONGRANGE,2023,08
V009CJ0013,GV60,2023,04
V001CJ0004,ST1,2025,07
V03CD0101,IONIQ,2025,01
V03CD0104,IONIQ,2025,01
V03CD0105,IONIQ,2025,01
V03CD0107,IONIQ,2025,01
V03CD0115,IONIQ,2025,01
V03CD0116,IONIQ,2025,01
V03CD0118,IONIQ,2025,01
V03CD0119,IONIQ,2025,01
V03CD0134,IONIQ,2025,01
V03CD0070,IONIQ5,2025,01
V027CF0158,IONIQ5_N,2025,06
V03CD0071,IONIQ5_LONGRANGE,2025,01
V03CD0077,IONIQ5_LONGRANGE,2025,01
V03CD0114,IONIQ5_LONGRANGE,2025,01
V03CD0126,IONIQ5_LONGRANGE,2025,01
V03CD0130,IONIQ5_LONGRANGE,2025,01
V03CD0131,IONIQ5_LONGRANGE,2025,01
V020CE0040,THE_NEW_IONIQ5_LONGRANGE,2025,03
V03CD0076,THE_NEW_IONIQ5_LONGRANGE,2025,01
V015CF0054,IONIQ6_STANDARD,2024,10
V03CF0022,IONIQ9,2025,01
V03CF0021,NIRO_PLUS,2025,01
V03CD0074,NIRO_PLUS,2025,01
V03CD0084,NIRO_PLUS,2025,01
V03CD0087,NIRO_PLUS,2025,01
V03CD0098,NIRO_PLUS,2025,01
V03CD0099,NIRO_PLUS,2025,01
V03CD0100,NIRO_PLUS,2025,01
V03CD0102,NIRO_PLUS,2025,01
V03CD0103,NIRO_PLUS,2025,01
V03CD0128,NIRO_PLUS,2025,01
V03CD0136,NIRO_PLUS,2025,01
V030CH0049,NIRO_LONGRANGE,2021,04
V03CD0075,NIRO_LONGRANGE,2025,01
V03CD0090,NIRO_LONGRANGE,2025,01
V03CD0111,NIRO_LONGRANGE,2025,01
V03CD0120,NIRO_LONGRANGE,2025,01
V024CF0121,NIRO_LONGRANGE,2021,06
V03CD0133,NIRO_LONGRANGE,2025,01
V03CD0135,NIRO_LONGRANGE,2025,01
V023CE0048,EV3_LONGRANGE,2025,03
V030CI0054,EV4_LONGRANGE,2025,09
V03CF0019,EV6_LONGRANGE,2025,01
V013CF0044,EV6_LONGRANGE,2022,11
V03CD0065,EV6_LONGRANGE,2025,01
V03CD0066,EV6_LONGRANGE,2025,01
V021BL0000,EV9,2023,09
V000CD0045,CASPER_LONGRANGE,2025,01
V027CE0054,CASPER_LONGRANGE,2024,09
V000CD0103,CASPER_LONGRANGE,2024,08
V000CC0060,KONA_LONGRANGE,2020,08
V03CD0068,KONA_LONGRANGE,2025,01
V03CD0092,KONA_LONGRANGE,2025,01
V03CD0112,KONA_LONGRANGE,2025,01
V03CD0125,G80,2025,01
V03CD0137,SOUL_EV,2025,01
V029CI0054,AUDI_Q4_E_TRON,2022,10
V022CJ0039,TESLA_MODEL3_LONGRANGE,2024,06
V019CJ0034,EV3_LONGRANGE,2024,09
V000CD0003,EV6_LONGRANGE,2023,12
V022CJ0044,EV6_LONGRANGE,2022,07
V011CI0024,IONIQ5_N,2024,11
V023CJ0049,IONIQ5_LONGRANGE,2021,11
V024CJ0054,IONIQ5_LONGRANGE,2022,02
V03CD0095,NIRO_PLUS,2025,01
V03CD0096,NIRO_PLUS,2025,01
V001CJ0002,AUDI_Q4_E_TRON,2023,08
V017CJ0030,AUDI_Q4_E_TRON,2024,09
V017CJ0031,AUDI_Q4_E_TRON,2022,05
V020CJ0036,TESLA_MODEL3_LONGRANGE,2020,07
V021CJ0038,TESLA_MODELY_LONGRANGE,2025,06
V022CJ0042,TESLA_MODEL3_LONGRANGE,2021,03
V024CJ0052,TESLA_MODELY_LONGRANGE,2023,05
V019CJ0032,VOLKSWAGEN_ID4_PRO,2023,04
V024CJ0055,VOLKSWAGEN_ID4_PRO,2023,03
V025CJ0057,VOLKSWAGEN_ID4_PRO,2023,03
V016CJ0023,VOLKSWAGEN_ID5_PRO,2025,06
V000CD0050,ST1,2025,01
V016CJ0047,AUDI_Q4_E_TRON,2025,04
